study	group	count	measurement_type	interventions	substance	tissue	method	label	time	time_unit	mean	mean_se	mean_sd	mean_unit
VazdaSilva2001	all	24	concentration	Mopral_1, Mopral_2, Mopral_3,Mopral_4, Mopral_5	omeprazole	plasma	HPLC	Fig1_Mopral	0.0	hr	0.0			mole/meter^3
VazdaSilva2001	all	24	concentration	Mopral_1, Mopral_2, Mopral_3,Mopral_4, Mopral_5	omeprazole	plasma	HPLC	Fig1_Mopral	0.333333333333333	hr	3.155524609148813e-05			mole/meter^3
VazdaSilva2001	all	24	concentration	Mopral_1, Mopral_2, Mopral_3,Mopral_4, Mopral_5	omeprazole	plasma	HPLC	Fig1_Mopral	0.666666666666667	hr	0.0006374159814707585	0.00023723894035900404	0.0011622287019962623	mole/meter^3
VazdaSilva2001	all	24	concentration	Mopral_1, Mopral_2, Mopral_3,Mopral_4, Mopral_5	omeprazole	plasma	HPLC	Fig1_Mopral	1.0	hr	0.001199099449913144	0.0002662221482339316	0.0013042168428014358	mole/meter^3
VazdaSilva2001	all	24	concentration	Mopral_1, Mopral_2, Mopral_3,Mopral_4, Mopral_5	omeprazole	plasma	HPLC	Fig1_Mopral	1.5	hr	0.0015020298204979734	0.00026349962362478315	0.0012908792505922696	mole/meter^3
VazdaSilva2001	all	24	concentration	Mopral_1, Mopral_2, Mopral_3,Mopral_4, Mopral_5	omeprazole	plasma	HPLC	Fig1_Mopral	2.0	hr	0.0012685209322524608	0.00021931768963520554	0.0010744328623446815	mole/meter^3
VazdaSilva2001	all	24	concentration	Mopral_1, Mopral_2, Mopral_3,Mopral_4, Mopral_5	omeprazole	plasma	HPLC	Fig1_Mopral	2.5	hr	0.00101607895193978	0.00018141189924724953	0.0008887331728499073	mole/meter^3
VazdaSilva2001	all	24	concentration	Mopral_1, Mopral_2, Mopral_3,Mopral_4, Mopral_5	omeprazole	plasma	HPLC	Fig1_Mopral	3.0	hr	0.0006973709612044007	0.00013083532136653152	0.0006409595553621192	mole/meter^3
VazdaSilva2001	all	24	concentration	Mopral_1, Mopral_2, Mopral_3,Mopral_4, Mopral_5	omeprazole	plasma	HPLC	Fig1_Mopral	4.0	hr	0.0004512400115807759	9.62511580775912e-05	0.00047153244888412273	mole/meter^3
VazdaSilva2001	all	24	concentration	Mopral_1, Mopral_2, Mopral_3,Mopral_4, Mopral_5	omeprazole	plasma	HPLC	Fig1_Mopral	5.0	hr	0.0002555975101331789	7.116682107701216e-05	0.000348644796509253	mole/meter^3
VazdaSilva2001	all	24	concentration	Mopral_1, Mopral_2, Mopral_3,Mopral_4, Mopral_5	omeprazole	plasma	HPLC	Fig1_Mopral	6.0	hr	0.0001483096699478865	4.300998841922408e-05	0.00021070505094022523	mole/meter^3
VazdaSilva2001	all	24	concentration	Mopral_1, Mopral_2, Mopral_3,Mopral_4, Mopral_5	omeprazole	plasma	HPLC	Fig1_Mopral	8.0	hr	3.7866299942096117e-05	1.832537232194557e-05	8.977562307057671e-05	mole/meter^3
VazdaSilva2001	all	24	concentration	Mopral_1, Mopral_2, Mopral_3,Mopral_4, Mopral_5	omeprazole	plasma	HPLC	Fig1_Mopral	10.0	hr	3.155524609148813e-05			mole/meter^3
