study	group	count	measurement_type	interventions	substance	tissue	method	label	time	time_unit	mean	mean_se	mean_sd	mean_unit
VazdaSilva2001	all	24	concentration	Ompranyt_1, Ompranyt_2, Ompranyt_3,Ompranyt_4, Ompranyt_5	omeprazole	plasma	HPLC	Fig1_Ompranyt	0.0	hr	1.26106447596989e-05			mole/meter^3
VazdaSilva2001	all	24	concentration	Ompranyt_1, Ompranyt_2, Ompranyt_3,Ompranyt_4, Ompranyt_5	omeprazole	plasma	HPLC	Fig1_Ompranyt	0.333333333333333	hr	3.77324203821656e-05			mole/meter^3
VazdaSilva2001	all	24	concentration	Ompranyt_1, Ompranyt_2, Ompranyt_3,Ompranyt_4, Ompranyt_5	omeprazole	plasma	HPLC	Fig1_Ompranyt	0.666666666666667	hr	0.00010382685002895195	0.00029635019108280254	0.0014518135066583205	mole/meter^3
VazdaSilva2001	all	24	concentration	Ompranyt_1, Ompranyt_2, Ompranyt_3,Ompranyt_4, Ompranyt_5	omeprazole	plasma	HPLC	Fig1_Ompranyt	1.0	hr	0.0004757373769542559	0.0001481830631152287	0.0007259457863098899	mole/meter^3
VazdaSilva2001	all	24	concentration	Ompranyt_1, Ompranyt_2, Ompranyt_3,Ompranyt_4, Ompranyt_5	omeprazole	plasma	HPLC	Fig1_Ompranyt	1.5	hr	0.001131335668789809	0.00029950683265778804	0.001467277828977458	mole/meter^3
VazdaSilva2001	all	24	concentration	Ompranyt_1, Ompranyt_2, Ompranyt_3,Ompranyt_4, Ompranyt_5	omeprazole	plasma	HPLC	Fig1_Ompranyt	2.0	hr	0.0013802327735958307	0.00026482744643891137	0.0012973842273191487	mole/meter^3
VazdaSilva2001	all	24	concentration	Ompranyt_1, Ompranyt_2, Ompranyt_3,Ompranyt_4, Ompranyt_5	omeprazole	plasma	HPLC	Fig1_Ompranyt	2.5	hr	0.001030132078749276	0.00017024371742906775	0.0008340204792315575	mole/meter^3
VazdaSilva2001	all	24	concentration	Ompranyt_1, Ompranyt_2, Ompranyt_3,Ompranyt_4, Ompranyt_5	omeprazole	plasma	HPLC	Fig1_Ompranyt	3.0	hr	0.0008376644470179501	0.00025852229299363057	0.001266495409937371	mole/meter^3
VazdaSilva2001	all	24	concentration	Ompranyt_1, Ompranyt_2, Ompranyt_3,Ompranyt_4, Ompranyt_5	omeprazole	plasma	HPLC	Fig1_Ompranyt	4.0	hr	0.0005662211349160393	0.00011349183555298204	0.0005559941741533294	mole/meter^3
VazdaSilva2001	all	24	concentration	Ompranyt_1, Ompranyt_2, Ompranyt_3,Ompranyt_4, Ompranyt_5	omeprazole	plasma	HPLC	Fig1_Ompranyt	5.0	hr	0.0003546744064852345	7.25151708164447e-05	0.00035525033422210186	mole/meter^3
VazdaSilva2001	all	24	concentration	Ompranyt_1, Ompranyt_2, Ompranyt_3,Ompranyt_4, Ompranyt_5	omeprazole	plasma	HPLC	Fig1_Ompranyt	6.0	hr	0.0002976120440069484	7.881650260567458e-05	0.00038612042938928774	mole/meter^3
VazdaSilva2001	all	24	concentration	Ompranyt_1, Ompranyt_2, Ompranyt_3,Ompranyt_4, Ompranyt_5	omeprazole	plasma	HPLC	Fig1_Ompranyt	8.0	hr	0.00010781146496815285	2.8373943254198057e-05	0.00013900336592694007	mole/meter^3
VazdaSilva2001	all	24	concentration	Ompranyt_1, Ompranyt_2, Ompranyt_3,Ompranyt_4, Ompranyt_5	omeprazole	plasma	HPLC	Fig1_Ompranyt	10.0	hr	3.152263317892299e-05			mole/meter^3
