study	group	count	measurement_type	interventions	substance	tissue	method	label	time	time_unit	mean	mean_se	mean_sd	mean_unit
VazdaSilva2005	all	23	concentration	Ompranyt_multi	omeprazole	plasma	HPLC	Fig2_Ompranyt_fed	0.0	hr	0.0			mole/meter^3
VazdaSilva2005	all	23	concentration	Ompranyt_multi	omeprazole	plasma	HPLC	Fig2_Ompranyt_fed	0.666666666666667	hr	2.2811986103068907e-05			mole/meter^3
VazdaSilva2005	all	23	concentration	Ompranyt_multi	omeprazole	plasma	HPLC	Fig2_Ompranyt_fed	1.0	hr	9.275027793862188e-05	4.777675738274464e-05	0.00022912927913783032	mole/meter^3
VazdaSilva2005	all	23	concentration	Ompranyt_multi	omeprazole	plasma	HPLC	Fig2_Ompranyt_fed	1.5	hr	0.00028714735089751007	8.836918066010422e-05	0.0004238037022990445	mole/meter^3
VazdaSilva2005	all	23	concentration	Ompranyt_multi	omeprazole	plasma	HPLC	Fig2_Ompranyt_fed	2.0	hr	0.00038839965257672263	7.877602779386217e-05	0.00037779655737516215	mole/meter^3
VazdaSilva2005	all	23	concentration	Ompranyt_multi	omeprazole	plasma	HPLC	Fig2_Ompranyt_fed	2.5	hr	0.00045148931673422117	8.357261146496816e-05	0.0004008001645492617	mole/meter^3
VazdaSilva2005	all	23	concentration	Ompranyt_multi	omeprazole	plasma	HPLC	Fig2_Ompranyt_fed	3.0	hr	0.0004906801100173711	9.07359872611465e-05	0.00043515450800590903	mole/meter^3
VazdaSilva2005	all	23	concentration	Ompranyt_multi	omeprazole	plasma	HPLC	Fig2_Ompranyt_fed	4.0	hr	0.000564307093225246	9.790634047481182e-05	0.0004695423139812912	mole/meter^3
VazdaSilva2005	all	23	concentration	Ompranyt_multi	omeprazole	plasma	HPLC	Fig2_Ompranyt_fed	5.0	hr	0.0005280958309206717	4.6987840185292415e-05	0.00022534576517300547	mole/meter^3
VazdaSilva2005	all	23	concentration	Ompranyt_multi	omeprazole	plasma	HPLC	Fig2_Ompranyt_fed	6.0	hr	0.0003557385639837869	2.3884858135495074e-05	0.00011454775557605963	mole/meter^3
VazdaSilva2005	all	23	concentration	Ompranyt_multi	omeprazole	plasma	HPLC	Fig2_Ompranyt_fed	8.0	hr	0.00018300786045165026	1.4298755066589461e-05	6.857442029247713e-05	mole/meter^3
VazdaSilva2005	all	23	concentration	Ompranyt_multi	omeprazole	plasma	HPLC	Fig2_Ompranyt_fed	10.0	hr	0.00010585164157498552			mole/meter^3
