study	group	count	measurement_type	interventions	substance	tissue	method	label	time	time_unit	mean	mean_se	mean_sd	mean_unit
VazdaSilva2005	all	23	concentration	Ompranyt_multi	omeprazole	plasma	HPLC	Fig2_Ompranyt_fasting	0.0	hr	0.0			mole/meter^3
VazdaSilva2005	all	23	concentration	Ompranyt_multi	omeprazole	plasma	HPLC	Fig2_Ompranyt_fasting	0.333333333333333	hr				mole/meter^3
VazdaSilva2005	all	23	concentration	Ompranyt_multi	omeprazole	plasma	HPLC	Fig2_Ompranyt_fasting	0.666666666666667	hr	0.0006412283149971048	0.000181471974522293	0.0008703090160118152	mole/meter^3
VazdaSilva2005	all	23	concentration	Ompranyt_multi	omeprazole	plasma	HPLC	Fig2_Ompranyt_fasting	1.0	hr	0.0012929561957151128	0.0003040591488129705	0.0014582164508288766	mole/meter^3
VazdaSilva2005	all	23	concentration	Ompranyt_multi	omeprazole	plasma	HPLC	Fig2_Ompranyt_fasting	1.5	hr	0.0016282678054429644	0.00031677996525767224	0.0015192233433366533	mole/meter^3
VazdaSilva2005	all	23	concentration	Ompranyt_multi	omeprazole	plasma	HPLC	Fig2_Ompranyt_fasting	2.0	hr	0.001438223798494499	0.00022922767805442964	0.0010993373244292124	mole/meter^3
VazdaSilva2005	all	23	concentration	Ompranyt_multi	omeprazole	plasma	HPLC	Fig2_Ompranyt_fasting	2.5	hr	0.001259322872032426	0.00019422090330052113	0.0009314507305349101	mole/meter^3
VazdaSilva2005	all	23	concentration	Ompranyt_multi	omeprazole	plasma	HPLC	Fig2_Ompranyt_fasting	3.0	hr	0.0011982895193977997	0.00020212414591777648	0.0009693533506151331	mole/meter^3
VazdaSilva2005	all	23	concentration	Ompranyt_multi	omeprazole	plasma	HPLC	Fig2_Ompranyt_fasting	4.0	hr	0.0007019819629415171	0.0001400836421540243	0.0006718175469427272	mole/meter^3
VazdaSilva2005	all	23	concentration	Ompranyt_multi	omeprazole	plasma	HPLC	Fig2_Ompranyt_fasting	5.0	hr	0.00039194988419224085	9.390567458019687e-05	0.0004503557943696554	mole/meter^3
VazdaSilva2005	all	23	concentration	Ompranyt_multi	omeprazole	plasma	HPLC	Fig2_Ompranyt_fasting	6.0	hr	0.00026500958309206717	6.8421974522293e-05	0.00032814026230131146	mole/meter^3
VazdaSilva2005	all	23	concentration	Ompranyt_multi	omeprazole	plasma	HPLC	Fig2_Ompranyt_fasting	8.0	hr	0.00011138817602779385			mole/meter^3
VazdaSilva2005	all	23	concentration	Ompranyt_multi	omeprazole	plasma	HPLC	Fig2_Ompranyt_fasting	10.0	hr	5.9645761436016204e-05			mole/meter^3
VazdaSilva2005	all	23	concentration	Ompranyt_multi	omeprazole	plasma	HPLC	Fig2_Ompranyt_fasting	12.0	hr	3.816265489287782e-05			mole/meter^3
