study	group	count	measurement_type	interventions	substance	tissue	method	label	time	time_unit	mean	mean_se	mean_sd	mean_unit
VazdaSilva2005	all	23	concentration	Mopral_multi	omeprazole	plasma	HPLC	Fig2_Mopral_fasting	0.0	hr	0.0			mole/meter^3
VazdaSilva2005	all	23	concentration	Mopral_multi	omeprazole	plasma	HPLC	Fig2_Mopral_fasting	0.333333333333333	hr	1.0180625361899247e-05			mole/meter^3
VazdaSilva2005	all	23	concentration	Mopral_multi	omeprazole	plasma	HPLC	Fig2_Mopral_fasting	0.666666666666667	hr	0.0005504713665315576	0.00012572188766647364	0.0006029409920412537	mole/meter^3
VazdaSilva2005	all	23	concentration	Mopral_multi	omeprazole	plasma	HPLC	Fig2_Mopral_fasting	1.0	hr	0.001468095628257093	0.00023717999420961203	0.001137475292929586	mole/meter^3
VazdaSilva2005	all	23	concentration	Mopral_multi	omeprazole	plasma	HPLC	Fig2_Mopral_fasting	1.5	hr	0.0015144497394325418	0.0002077375217139551	0.0009962741552106455	mole/meter^3
VazdaSilva2005	all	23	concentration	Mopral_multi	omeprazole	plasma	HPLC	Fig2_Mopral_fasting	2.0	hr	0.0014987214823393167	0.00019741158077591197	0.0009467526821521136	mole/meter^3
VazdaSilva2005	all	23	concentration	Mopral_multi	omeprazole	plasma	HPLC	Fig2_Mopral_fasting	2.5	hr	0.0011725806022003474	0.00020296204400694845	0.0009733717686845079	mole/meter^3
VazdaSilva2005	all	23	concentration	Mopral_multi	omeprazole	plasma	HPLC	Fig2_Mopral_fasting	3.0	hr	0.0009180942964678633	0.00016873702953097884	0.0008092343653748176	mole/meter^3
VazdaSilva2005	all	23	concentration	Mopral_multi	omeprazole	plasma	HPLC	Fig2_Mopral_fasting	4.0	hr	0.0005451838158656629	0.00012177724377533295	0.0005840231445198784	mole/meter^3
VazdaSilva2005	all	23	concentration	Mopral_multi	omeprazole	plasma	HPLC	Fig2_Mopral_fasting	5.0	hr	0.000332297104806022	8.199471627099015e-05	0.00039323284503749563	mole/meter^3
VazdaSilva2005	all	23	concentration	Mopral_multi	omeprazole	plasma	HPLC	Fig2_Mopral_fasting	6.0	hr	0.0002124712391430226	6.046966705269253e-05	0.0002900023354555269	mole/meter^3
VazdaSilva2005	all	23	concentration	Mopral_multi	omeprazole	plasma	HPLC	Fig2_Mopral_fasting	8.0	hr	0.00010661960046323103	4.459304284887087e-05	0.00021386072061504974	mole/meter^3
VazdaSilva2005	all	23	concentration	Mopral_multi	omeprazole	plasma	HPLC	Fig2_Mopral_fasting	10.0	hr	6.044169079328315e-05			mole/meter^3
VazdaSilva2005	all	23	concentration	Mopral_multi	omeprazole	plasma	HPLC	Fig2_Mopral_fasting	12.0	hr	4.057142733063115e-05			mole/meter^3
