study	group	count	measurement_type	interventions	substance	tissue	method	label	time	time_unit	mean	mean_se	mean_sd	mean_unit
VazdaSilva2005	all	23	concentration	Mopral_multi	omeprazole	plasma	HPLC	Fig2_Mopral_fed	0.0	hr	0.0			mole/meter^3
VazdaSilva2005	all	23	concentration	Mopral_multi	omeprazole	plasma	HPLC	Fig2_Mopral_fed	0.333333333333333	hr	0.0			mole/meter^3
VazdaSilva2005	all	23	concentration	Mopral_multi	omeprazole	plasma	HPLC	Fig2_Mopral_fed	0.666666666666667	hr	4.4281103068905615e-05			mole/meter^3
VazdaSilva2005	all	23	concentration	Mopral_multi	omeprazole	plasma	HPLC	Fig2_Mopral_fed	1.0	hr	0.00014366179791546033	5.5701085697741744e-05	0.00026713302267197304	mole/meter^3
VazdaSilva2005	all	23	concentration	Mopral_multi	omeprazole	plasma	HPLC	Fig2_Mopral_fed	1.5	hr	0.00040888960625361893	0.00013053245512449334	0.0006260116631014476	mole/meter^3
VazdaSilva2005	all	23	concentration	Mopral_multi	omeprazole	plasma	HPLC	Fig2_Mopral_fed	2.0	hr	0.0005308780544296468	0.00012415107122177183	0.0005954076210184162	mole/meter^3
VazdaSilva2005	all	23	concentration	Mopral_multi	omeprazole	plasma	HPLC	Fig2_Mopral_fed	2.5	hr	0.0005891641574985524	0.0001241790098436595	0.0005955416099419831	mole/meter^3
VazdaSilva2005	all	23	concentration	Mopral_multi	omeprazole	plasma	HPLC	Fig2_Mopral_fed	3.0	hr	0.0006729340185292413	7.79871163867979e-05	0.0003740130711800637	mole/meter^3
VazdaSilva2005	all	23	concentration	Mopral_multi	omeprazole	plasma	HPLC	Fig2_Mopral_fed	4.0	hr	0.0006653831789229878	0.0001098522872032426	0.0005268330618773133	mole/meter^3
VazdaSilva2005	all	23	concentration	Mopral_multi	omeprazole	plasma	HPLC	Fig2_Mopral_fed	5.0	hr	0.0005018021424435437	7.323949044585986e-05	0.00035124425703161546	mole/meter^3
VazdaSilva2005	all	23	concentration	Mopral_multi	omeprazole	plasma	HPLC	Fig2_Mopral_fed	6.0	hr	0.0003430246960046322	5.732090330052113e-05	0.00027490139499339924	mole/meter^3
VazdaSilva2005	all	23	concentration	Mopral_multi	omeprazole	plasma	HPLC	Fig2_Mopral_fed	8.0	hr	0.0002228183265778807	3.6612767805442965e-05	0.00017558866599707236	mole/meter^3
VazdaSilva2005	all	23	concentration	Mopral_multi	omeprazole	plasma	HPLC	Fig2_Mopral_fed	10.0	hr	0.00011058525767226403			mole/meter^3
VazdaSilva2005	all	23	concentration	Mopral_multi	omeprazole	plasma	HPLC	Fig2_Mopral_fed	12.0	hr	7.474744064852344e-05			mole/meter^3
