{
  "experiment_id": "Prichard1985",
  "base_path": "/home/mkoenig/git/pkdb_models/pkdb_models/models/omeprazole",
  "data_path": "[PosixPath('/home/mkoenig/git/pkdb_data/studies/omeprazole')]",
  "models": {
    "model": {
      "sid": null,
      "name": null,
      "language": "SBML",
      "language_type": "SBML",
      "source": {
        "source": "/home/mkoenig/git/pkdb_models/pkdb_models/models/omeprazole/models/results/omeprazole_body_flat.xml",
        "path": "/home/mkoenig/git/pkdb_models/pkdb_models/models/omeprazole/models/results/omeprazole_body_flat.xml",
        "content": "None"
      },
      "changes": {}
    }
  },
  "tasks": {
    "task_po40": {
      "model": "model",
      "simulation": "po40"
    },
    "task_po40_multi": {
      "model": "model",
      "simulation": "po40_multi"
    }
  },
  "simulations": {
    "po40": {
      "type": "TimecourseSim",
      "selections": null,
      "reset": true,
      "time_offset": 0.0,
      "timecourses": [
        {
          "start": 0,
          "end": 1440,
          "steps": 400,
          "changes": {
            "F_ome_solution": {
              "_magnitude": 0,
              "_units": "dimensionless",
              "_Quantity__used": false,
              "_Quantity__handling": null
            },
            "Ka_dis_ome": {
              "_magnitude": 0.8671355370264728,
              "_units": "per_hr",
              "_Quantity__used": false,
              "_Quantity__handling": null
            },
            "Ka_abs_ome": {
              "_magnitude": 0.8698088926020343,
              "_units": "per_hr",
              "_Quantity__used": false,
              "_Quantity__handling": null
            },
            "PODOSE_ome": {
              "_magnitude": 40,
              "_units": "milligram",
              "_Quantity__used": false,
              "_Quantity__handling": null
            }
          },
          "model_changes": {},
          "model_manipulations": {},
          "discard": false
        }
      ]
    },
    "po40_multi": {
      "type": "TimecourseSim",
      "selections": null,
      "reset": true,
      "time_offset": -5760,
      "timecourses": [
        {
          "start": 0,
          "end": 1440,
          "steps": 400,
          "changes": {
            "F_ome_solution": {
              "_magnitude": 0,
              "_units": "dimensionless",
              "_Quantity__used": false,
              "_Quantity__handling": null
            },
            "Ka_dis_ome": {
              "_magnitude": 0.8671355370264728,
              "_units": "per_hr",
              "_Quantity__used": false,
              "_Quantity__handling": null
            },
            "Ka_abs_ome": {
              "_magnitude": 0.8698088926020343,
              "_units": "per_hr",
              "_Quantity__used": false,
              "_Quantity__handling": null
            },
            "PODOSE_ome": {
              "_magnitude": 40,
              "_units": "milligram",
              "_Quantity__used": false,
              "_Quantity__handling": null
            }
          },
          "model_changes": {},
          "model_manipulations": {},
          "discard": false
        },
        {
          "start": 0,
          "end": 1440,
          "steps": 400,
          "changes": {
            "F_ome_solution": {
              "_magnitude": 0,
              "_units": "dimensionless",
              "_Quantity__used": false,
              "_Quantity__handling": null
            },
            "Ka_dis_ome": {
              "_magnitude": 0.8671355370264728,
              "_units": "per_hr",
              "_Quantity__used": false,
              "_Quantity__handling": null
            },
            "Ka_abs_ome": {
              "_magnitude": 0.8698088926020343,
              "_units": "per_hr",
              "_Quantity__used": false,
              "_Quantity__handling": null
            },
            "PODOSE_ome": {
              "_magnitude": 40,
              "_units": "milligram",
              "_Quantity__used": false,
              "_Quantity__handling": null
            }
          },
          "model_changes": {},
          "model_manipulations": {},
          "discard": false
        },
        {
          "start": 0,
          "end": 1440,
          "steps": 400,
          "changes": {
            "F_ome_solution": {
              "_magnitude": 0,
              "_units": "dimensionless",
              "_Quantity__used": false,
              "_Quantity__handling": null
            },
            "Ka_dis_ome": {
              "_magnitude": 0.8671355370264728,
              "_units": "per_hr",
              "_Quantity__used": false,
              "_Quantity__handling": null
            },
            "Ka_abs_ome": {
              "_magnitude": 0.8698088926020343,
              "_units": "per_hr",
              "_Quantity__used": false,
              "_Quantity__handling": null
            },
            "PODOSE_ome": {
              "_magnitude": 40,
              "_units": "milligram",
              "_Quantity__used": false,
              "_Quantity__handling": null
            }
          },
          "model_changes": {},
          "model_manipulations": {},
          "discard": false
        },
        {
          "start": 0,
          "end": 1440,
          "steps": 400,
          "changes": {
            "F_ome_solution": {
              "_magnitude": 0,
              "_units": "dimensionless",
              "_Quantity__used": false,
              "_Quantity__handling": null
            },
            "Ka_dis_ome": {
              "_magnitude": 0.8671355370264728,
              "_units": "per_hr",
              "_Quantity__used": false,
              "_Quantity__handling": null
            },
            "Ka_abs_ome": {
              "_magnitude": 0.8698088926020343,
              "_units": "per_hr",
              "_Quantity__used": false,
              "_Quantity__handling": null
            },
            "PODOSE_ome": {
              "_magnitude": 40,
              "_units": "milligram",
              "_Quantity__used": false,
              "_Quantity__handling": null
            }
          },
          "model_changes": {},
          "model_manipulations": {},
          "discard": false
        },
        {
          "start": 0,
          "end": 1440,
          "steps": 400,
          "changes": {
            "F_ome_solution": {
              "_magnitude": 0,
              "_units": "dimensionless",
              "_Quantity__used": false,
              "_Quantity__handling": null
            },
            "Ka_dis_ome": {
              "_magnitude": 0.8671355370264728,
              "_units": "per_hr",
              "_Quantity__used": false,
              "_Quantity__handling": null
            },
            "Ka_abs_ome": {
              "_magnitude": 0.8698088926020343,
              "_units": "per_hr",
              "_Quantity__used": false,
              "_Quantity__handling": null
            },
            "PODOSE_ome": {
              "_magnitude": 40,
              "_units": "milligram",
              "_Quantity__used": false,
              "_Quantity__handling": null
            }
          },
          "model_changes": {},
          "model_manipulations": {},
          "discard": false
        }
      ]
    }
  },
  "data": {
    "task_po40__time": {
      "type": "TASK",
      "index": "time",
      "unit": null,
      "task": "task_po40",
      "dataset": null,
      "function": null,
      "variables": null
    },
    "task_po40__IVDOSE_ome": {
      "type": "TASK",
      "index": "IVDOSE_ome",
      "unit": null,
      "task": "task_po40",
      "dataset": null,
      "function": null,
      "variables": null
    },
    "task_po40__Cve_ome": {
      "type": "TASK",
      "index": "Cve_ome",
      "unit": null,
      "task": "task_po40",
      "dataset": null,
      "function": null,
      "variables": null
    },
    "task_po40__Car_ome": {
      "type": "TASK",
      "index": "Car_ome",
      "unit": null,
      "task": "task_po40",
      "dataset": null,
      "function": null,
      "variables": null
    },
    "task_po40__LI__ome": {
      "type": "TASK",
      "index": "LI__ome",
      "unit": null,
      "task": "task_po40",
      "dataset": null,
      "function": null,
      "variables": null
    },
    "task_po40__Cve_omemets": {
      "type": "TASK",
      "index": "Cve_omemets",
      "unit": null,
      "task": "task_po40",
      "dataset": null,
      "function": null,
      "variables": null
    },
    "task_po40__Car_omemets": {
      "type": "TASK",
      "index": "Car_omemets",
      "unit": null,
      "task": "task_po40",
      "dataset": null,
      "function": null,
      "variables": null
    },
    "task_po40__LI__omemets": {
      "type": "TASK",
      "index": "LI__omemets",
      "unit": null,
      "task": "task_po40",
      "dataset": null,
      "function": null,
      "variables": null
    },
    "task_po40__KI__omemets_urine": {
      "type": "TASK",
      "index": "KI__omemets_urine",
      "unit": null,
      "task": "task_po40",
      "dataset": null,
      "function": null,
      "variables": null
    },
    "task_po40__pH": {
      "type": "TASK",
      "index": "pH",
      "unit": null,
      "task": "task_po40",
      "dataset": null,
      "function": null,
      "variables": null
    },
    "task_po40__ST__pp_rate": {
      "type": "TASK",
      "index": "ST__pp_rate",
      "unit": null,
      "task": "task_po40",
      "dataset": null,
      "function": null,
      "variables": null
    },
    "task_po40__ST__gacid_loss": {
      "type": "TASK",
      "index": "ST__gacid_loss",
      "unit": null,
      "task": "task_po40",
      "dataset": null,
      "function": null,
      "variables": null
    },
    "task_po40__ST__protons_stomach": {
      "type": "TASK",
      "index": "ST__protons_stomach",
      "unit": null,
      "task": "task_po40",
      "dataset": null,
      "function": null,
      "variables": null
    },
    "task_po40__ST__pp_active": {
      "type": "TASK",
      "index": "ST__pp_active",
      "unit": null,
      "task": "task_po40",
      "dataset": null,
      "function": null,
      "variables": null
    },
    "task_po40__ST__pp_inactive": {
      "type": "TASK",
      "index": "ST__pp_inactive",
      "unit": null,
      "task": "task_po40",
      "dataset": null,
      "function": null,
      "variables": null
    },
    "task_po40__ST__pp_total": {
      "type": "TASK",
      "index": "ST__pp_total",
      "unit": null,
      "task": "task_po40",
      "dataset": null,
      "function": null,
      "variables": null
    },
    "task_po40__ST__pp_synthesis": {
      "type": "TASK",
      "index": "ST__pp_synthesis",
      "unit": null,
      "task": "task_po40",
      "dataset": null,
      "function": null,
      "variables": null
    },
    "task_po40__ST__pp_active_degradation": {
      "type": "TASK",
      "index": "ST__pp_active_degradation",
      "unit": null,
      "task": "task_po40",
      "dataset": null,
      "function": null,
      "variables": null
    },
    "task_po40__ST__pp_inactive_degradation": {
      "type": "TASK",
      "index": "ST__pp_inactive_degradation",
      "unit": null,
      "task": "task_po40",
      "dataset": null,
      "function": null,
      "variables": null
    },
    "task_po40__F_ome_pH": {
      "type": "TASK",
      "index": "F_ome_pH",
      "unit": null,
      "task": "task_po40",
      "dataset": null,
      "function": null,
      "variables": null
    },
    "task_po40__F_ome_pH2": {
      "type": "TASK",
      "index": "F_ome_pH2",
      "unit": null,
      "task": "task_po40",
      "dataset": null,
      "function": null,
      "variables": null
    },
    "task_po40__F_ome_pH6": {
      "type": "TASK",
      "index": "F_ome_pH6",
      "unit": null,
      "task": "task_po40",
      "dataset": null,
      "function": null,
      "variables": null
    },
    "task_po40_multi__time": {
      "type": "TASK",
      "index": "time",
      "unit": null,
      "task": "task_po40_multi",
      "dataset": null,
      "function": null,
      "variables": null
    },
    "task_po40_multi__IVDOSE_ome": {
      "type": "TASK",
      "index": "IVDOSE_ome",
      "unit": null,
      "task": "task_po40_multi",
      "dataset": null,
      "function": null,
      "variables": null
    },
    "task_po40_multi__Cve_ome": {
      "type": "TASK",
      "index": "Cve_ome",
      "unit": null,
      "task": "task_po40_multi",
      "dataset": null,
      "function": null,
      "variables": null
    },
    "task_po40_multi__Car_ome": {
      "type": "TASK",
      "index": "Car_ome",
      "unit": null,
      "task": "task_po40_multi",
      "dataset": null,
      "function": null,
      "variables": null
    },
    "task_po40_multi__LI__ome": {
      "type": "TASK",
      "index": "LI__ome",
      "unit": null,
      "task": "task_po40_multi",
      "dataset": null,
      "function": null,
      "variables": null
    },
    "task_po40_multi__Cve_omemets": {
      "type": "TASK",
      "index": "Cve_omemets",
      "unit": null,
      "task": "task_po40_multi",
      "dataset": null,
      "function": null,
      "variables": null
    },
    "task_po40_multi__Car_omemets": {
      "type": "TASK",
      "index": "Car_omemets",
      "unit": null,
      "task": "task_po40_multi",
      "dataset": null,
      "function": null,
      "variables": null
    },
    "task_po40_multi__LI__omemets": {
      "type": "TASK",
      "index": "LI__omemets",
      "unit": null,
      "task": "task_po40_multi",
      "dataset": null,
      "function": null,
      "variables": null
    },
    "task_po40_multi__KI__omemets_urine": {
      "type": "TASK",
      "index": "KI__omemets_urine",
      "unit": null,
      "task": "task_po40_multi",
      "dataset": null,
      "function": null,
      "variables": null
    },
    "task_po40_multi__pH": {
      "type": "TASK",
      "index": "pH",
      "unit": null,
      "task": "task_po40_multi",
      "dataset": null,
      "function": null,
      "variables": null
    },
    "task_po40_multi__ST__pp_rate": {
      "type": "TASK",
      "index": "ST__pp_rate",
      "unit": null,
      "task": "task_po40_multi",
      "dataset": null,
      "function": null,
      "variables": null
    },
    "task_po40_multi__ST__gacid_loss": {
      "type": "TASK",
      "index": "ST__gacid_loss",
      "unit": null,
      "task": "task_po40_multi",
      "dataset": null,
      "function": null,
      "variables": null
    },
    "task_po40_multi__ST__protons_stomach": {
      "type": "TASK",
      "index": "ST__protons_stomach",
      "unit": null,
      "task": "task_po40_multi",
      "dataset": null,
      "function": null,
      "variables": null
    },
    "task_po40_multi__ST__pp_active": {
      "type": "TASK",
      "index": "ST__pp_active",
      "unit": null,
      "task": "task_po40_multi",
      "dataset": null,
      "function": null,
      "variables": null
    },
    "task_po40_multi__ST__pp_inactive": {
      "type": "TASK",
      "index": "ST__pp_inactive",
      "unit": null,
      "task": "task_po40_multi",
      "dataset": null,
      "function": null,
      "variables": null
    },
    "task_po40_multi__ST__pp_total": {
      "type": "TASK",
      "index": "ST__pp_total",
      "unit": null,
      "task": "task_po40_multi",
      "dataset": null,
      "function": null,
      "variables": null
    },
    "task_po40_multi__ST__pp_synthesis": {
      "type": "TASK",
      "index": "ST__pp_synthesis",
      "unit": null,
      "task": "task_po40_multi",
      "dataset": null,
      "function": null,
      "variables": null
    },
    "task_po40_multi__ST__pp_active_degradation": {
      "type": "TASK",
      "index": "ST__pp_active_degradation",
      "unit": null,
      "task": "task_po40_multi",
      "dataset": null,
      "function": null,
      "variables": null
    },
    "task_po40_multi__ST__pp_inactive_degradation": {
      "type": "TASK",
      "index": "ST__pp_inactive_degradation",
      "unit": null,
      "task": "task_po40_multi",
      "dataset": null,
      "function": null,
      "variables": null
    },
    "task_po40_multi__F_ome_pH": {
      "type": "TASK",
      "index": "F_ome_pH",
      "unit": null,
      "task": "task_po40_multi",
      "dataset": null,
      "function": null,
      "variables": null
    },
    "task_po40_multi__F_ome_pH2": {
      "type": "TASK",
      "index": "F_ome_pH2",
      "unit": null,
      "task": "task_po40_multi",
      "dataset": null,
      "function": null,
      "variables": null
    },
    "task_po40_multi__F_ome_pH6": {
      "type": "TASK",
      "index": "F_ome_pH6",
      "unit": null,
      "task": "task_po40_multi",
      "dataset": null,
      "function": null,
      "variables": null
    }
  },
  "figures": {
    "Fig2_single": {
      "sid": "Fig2_single",
      "name": "Prichard1985",
      "num_rows": 2,
      "num_cols": 1,
      "width": 7.0,
      "height": 10.0,
      "subplots": [
        {
          "sid": null,
          "name": null,
          "plot": {
            "sid": "Fig2_single__plot0",
            "name": null,
            "xaxis": {
              "sid": "Fig2_single__plot0_xaxis",
              "name": "time [hr]",
              "label": "time",
              "unit": "hr",
              "scale": "LINEAR",
              "min": null,
              "max": null,
              "grid": false,
              "label_visible": true,
              "ticks_visible": true
            },
            "yaxis": {
              "sid": "Fig2_single__plot0_yaxis",
              "name": "omeprazole [\u00b5M]",
              "label": "omeprazole",
              "unit": "\u00b5M",
              "scale": "LINEAR",
              "min": null,
              "max": null,
              "grid": false,
              "label_visible": true,
              "ticks_visible": true
            },
            "yaxis_right": null,
            "legend": true,
            "facecolor": "#ffffffff",
            "title_visible": true,
            "curves": [
              {
                "sid": "Fig2_single__plot0_curve0",
                "name": "sim (po40)",
                "x": "task_po40__time",
                "y": "task_po40__Cve_ome",
                "xerr": null,
                "yerr": null,
                "yaxis_position": null,
                "style": {
                  "sid": null,
                  "name": null,
                  "base_style": null,
                  "line": {
                    "type": "SOLID",
                    "color": "#1f77b4ff",
                    "thickness": 2.0
                  },
                  "marker": {
                    "size": null,
                    "type": "NONE",
                    "fill": "#1f77b4ff",
                    "line_color": null,
                    "line_thickness": null
                  },
                  "fill": {
                    "color": "#1f77b4ff",
                    "second_color": null
                  }
                },
                "order": 0
              },
              {
                "sid": "Fig2_single__plot0_curve1",
                "name": "day 1 am\u00b1SD (n=8)",
                "x": "Fig2_po_40_am_day_1__time",
                "y": "Fig2_po_40_am_day_1__mean",
                "xerr": null,
                "yerr": "Fig2_po_40_am_day_1__mean_sd",
                "yaxis_position": null,
                "style": {
                  "sid": null,
                  "name": null,
                  "base_style": null,
                  "line": {
                    "type": "DASH",
                    "color": "#1f77b4ff",
                    "thickness": 1.0
                  },
                  "marker": {
                    "size": null,
                    "type": "SQUARE",
                    "fill": "#1f77b4ff",
                    "line_color": null,
                    "line_thickness": null
                  },
                  "fill": {
                    "color": "#1f77b4ff",
                    "second_color": null
                  }
                },
                "order": 1
              }
            ],
            "areas": []
          },
          "row": 1,
          "col": 1,
          "row_span": 1,
          "col_span": 1
        },
        {
          "sid": null,
          "name": null,
          "plot": {
            "sid": "Fig2_single__plot1",
            "name": null,
            "xaxis": {
              "sid": "Fig2_single__plot1_xaxis",
              "name": "time [hr]",
              "label": "time",
              "unit": "hr",
              "scale": "LINEAR",
              "min": null,
              "max": null,
              "grid": false,
              "label_visible": true,
              "ticks_visible": true
            },
            "yaxis": {
              "sid": "Fig2_single__plot1_yaxis",
              "name": "omeprazole [\u00b5M]",
              "label": "omeprazole",
              "unit": "\u00b5M",
              "scale": "LINEAR",
              "min": null,
              "max": null,
              "grid": false,
              "label_visible": true,
              "ticks_visible": true
            },
            "yaxis_right": null,
            "legend": true,
            "facecolor": "#ffffffff",
            "title_visible": true,
            "curves": [
              {
                "sid": "Fig2_single__plot1_curve0",
                "name": "sim (po40)",
                "x": "task_po40__time",
                "y": "task_po40__Cve_ome",
                "xerr": null,
                "yerr": null,
                "yaxis_position": null,
                "style": {
                  "sid": null,
                  "name": null,
                  "base_style": null,
                  "line": {
                    "type": "SOLID",
                    "color": "#1f77b4ff",
                    "thickness": 2.0
                  },
                  "marker": {
                    "size": null,
                    "type": "NONE",
                    "fill": "#1f77b4ff",
                    "line_color": null,
                    "line_thickness": null
                  },
                  "fill": {
                    "color": "#1f77b4ff",
                    "second_color": null
                  }
                },
                "order": 0
              },
              {
                "sid": "Fig2_single__plot1_curve1",
                "name": "day 1 pm\u00b1SD (n=8)",
                "x": "Fig2_po_40_pm_day_1__time",
                "y": "Fig2_po_40_pm_day_1__mean",
                "xerr": null,
                "yerr": "Fig2_po_40_pm_day_1__mean_sd",
                "yaxis_position": null,
                "style": {
                  "sid": null,
                  "name": null,
                  "base_style": null,
                  "line": {
                    "type": "DASH",
                    "color": "#1f77b4ff",
                    "thickness": 1.0
                  },
                  "marker": {
                    "size": null,
                    "type": "SQUARE",
                    "fill": "#1f77b4ff",
                    "line_color": null,
                    "line_thickness": null
                  },
                  "fill": {
                    "color": "#1f77b4ff",
                    "second_color": null
                  }
                },
                "order": 1
              }
            ],
            "areas": []
          },
          "row": 2,
          "col": 1,
          "row_span": 1,
          "col_span": 1
        }
      ]
    },
    "Fig2_multi": {
      "sid": "Fig2_multi",
      "name": "Prichard1985",
      "num_rows": 2,
      "num_cols": 1,
      "width": 7.0,
      "height": 10.0,
      "subplots": [
        {
          "sid": null,
          "name": null,
          "plot": {
            "sid": "Fig2_multi__plot0",
            "name": null,
            "xaxis": {
              "sid": "Fig2_multi__plot0_xaxis",
              "name": "time [hr]",
              "label": "time",
              "unit": "hr",
              "scale": "LINEAR",
              "min": null,
              "max": null,
              "grid": false,
              "label_visible": true,
              "ticks_visible": true
            },
            "yaxis": {
              "sid": "Fig2_multi__plot0_yaxis",
              "name": "omeprazole [\u00b5M]",
              "label": "omeprazole",
              "unit": "\u00b5M",
              "scale": "LINEAR",
              "min": null,
              "max": null,
              "grid": false,
              "label_visible": true,
              "ticks_visible": true
            },
            "yaxis_right": null,
            "legend": true,
            "facecolor": "#ffffffff",
            "title_visible": true,
            "curves": [
              {
                "sid": "Fig2_multi__plot0_curve0",
                "name": "sim (po40_multi)",
                "x": "task_po40_multi__time",
                "y": "task_po40_multi__Cve_ome",
                "xerr": null,
                "yerr": null,
                "yaxis_position": null,
                "style": {
                  "sid": null,
                  "name": null,
                  "base_style": null,
                  "line": {
                    "type": "SOLID",
                    "color": "#1f77b4ff",
                    "thickness": 2.0
                  },
                  "marker": {
                    "size": null,
                    "type": "NONE",
                    "fill": "#1f77b4ff",
                    "line_color": null,
                    "line_thickness": null
                  },
                  "fill": {
                    "color": "#1f77b4ff",
                    "second_color": null
                  }
                },
                "order": 0
              },
              {
                "sid": "Fig2_multi__plot0_curve1",
                "name": "day 5 am\u00b1SD (n=8)",
                "x": "Fig2_po_40_am_day_5__time",
                "y": "Fig2_po_40_am_day_5__mean",
                "xerr": null,
                "yerr": "Fig2_po_40_am_day_5__mean_sd",
                "yaxis_position": null,
                "style": {
                  "sid": null,
                  "name": null,
                  "base_style": null,
                  "line": {
                    "type": "DASH",
                    "color": "#1f77b4ff",
                    "thickness": 1.0
                  },
                  "marker": {
                    "size": null,
                    "type": "SQUARE",
                    "fill": "#1f77b4ff",
                    "line_color": null,
                    "line_thickness": null
                  },
                  "fill": {
                    "color": "#1f77b4ff",
                    "second_color": null
                  }
                },
                "order": 1
              }
            ],
            "areas": []
          },
          "row": 1,
          "col": 1,
          "row_span": 1,
          "col_span": 1
        },
        {
          "sid": null,
          "name": null,
          "plot": {
            "sid": "Fig2_multi__plot1",
            "name": null,
            "xaxis": {
              "sid": "Fig2_multi__plot1_xaxis",
              "name": "time [hr]",
              "label": "time",
              "unit": "hr",
              "scale": "LINEAR",
              "min": null,
              "max": null,
              "grid": false,
              "label_visible": true,
              "ticks_visible": true
            },
            "yaxis": {
              "sid": "Fig2_multi__plot1_yaxis",
              "name": "omeprazole [\u00b5M]",
              "label": "omeprazole",
              "unit": "\u00b5M",
              "scale": "LINEAR",
              "min": null,
              "max": null,
              "grid": false,
              "label_visible": true,
              "ticks_visible": true
            },
            "yaxis_right": null,
            "legend": true,
            "facecolor": "#ffffffff",
            "title_visible": true,
            "curves": [
              {
                "sid": "Fig2_multi__plot1_curve0",
                "name": "sim (po40_multi)",
                "x": "task_po40_multi__time",
                "y": "task_po40_multi__Cve_ome",
                "xerr": null,
                "yerr": null,
                "yaxis_position": null,
                "style": {
                  "sid": null,
                  "name": null,
                  "base_style": null,
                  "line": {
                    "type": "SOLID",
                    "color": "#1f77b4ff",
                    "thickness": 2.0
                  },
                  "marker": {
                    "size": null,
                    "type": "NONE",
                    "fill": "#1f77b4ff",
                    "line_color": null,
                    "line_thickness": null
                  },
                  "fill": {
                    "color": "#1f77b4ff",
                    "second_color": null
                  }
                },
                "order": 0
              },
              {
                "sid": "Fig2_multi__plot1_curve1",
                "name": "day 5 pm\u00b1SD (n=8)",
                "x": "Fig2_po_40_pm_day_5__time",
                "y": "Fig2_po_40_pm_day_5__mean",
                "xerr": null,
                "yerr": "Fig2_po_40_pm_day_5__mean_sd",
                "yaxis_position": null,
                "style": {
                  "sid": null,
                  "name": null,
                  "base_style": null,
                  "line": {
                    "type": "DASH",
                    "color": "#1f77b4ff",
                    "thickness": 1.0
                  },
                  "marker": {
                    "size": null,
                    "type": "SQUARE",
                    "fill": "#1f77b4ff",
                    "line_color": null,
                    "line_thickness": null
                  },
                  "fill": {
                    "color": "#1f77b4ff",
                    "second_color": null
                  }
                },
                "order": 1
              }
            ],
            "areas": []
          },
          "row": 2,
          "col": 1,
          "row_span": 1,
          "col_span": 1
        }
      ]
    }
  }
}