study	group	count	measurement_type	interventions	substance	tissue	method	label	time	time_unit	mean	mean_se	mean_sd	mean_unit
Prichard1985	pm	8	concentration	OME_po40	omeprazole	plasma	HPLC	Fig2_po_40_pm_day_1	1.5	hr	0.0011843220903300523	0.00016825347423277362	0.0004758926903527621	mole/meter^3
Prichard1985	pm	8	concentration	OME_po40	omeprazole	plasma	HPLC	Fig2_po_40_pm_day_1	2.0	hr	0.0016893063115228722	0.0001624331210191086	0.00045943024544762597	mole/meter^3
Prichard1985	pm	8	concentration	OME_po40	omeprazole	plasma	HPLC	Fig2_po_40_pm_day_1	2.5	hr	0.001886811378112334	0.0001798757672264042	0.0005087654991076927	mole/meter^3
Prichard1985	pm	8	concentration	OME_po40	omeprazole	plasma	HPLC	Fig2_po_40_pm_day_1	3.0	hr	0.0018522242038216564	0.00018565891719745224	0.0005251227173522815	mole/meter^3
Prichard1985	pm	8	concentration	OME_po40	omeprazole	plasma	HPLC	Fig2_po_40_pm_day_1	3.5	hr	0.0018640891719745225	0.00013346120440069486	0.0003774852906282195	mole/meter^3
Prichard1985	pm	8	concentration	OME_po40	omeprazole	plasma	HPLC	Fig2_po_40_pm_day_1	4.0	hr	0.0020035570353213665	9.861253618992443e-05	0.00027891837219959787	mole/meter^3
Prichard1985	pm	8	concentration	OME_po40	omeprazole	plasma	HPLC	Fig2_po_40_pm_day_1	4.5	hr	0.0019979978575564565	8.120718008106572e-05	0.00022968859086543462	mole/meter^3
Prichard1985	pm	8	concentration	OME_po40	omeprazole	plasma	HPLC	Fig2_po_40_pm_day_1	5.0	hr	0.0020620605095541403	0.00011025361899247252	0.0003118443265597395	mole/meter^3
Prichard1985	pm	8	concentration	OME_po40	omeprazole	plasma	HPLC	Fig2_po_40_pm_day_1	5.5	hr	0.002091312391430226	0.0002146868558193399	0.0006072261263258947	mole/meter^3
Prichard1985	pm	8	concentration	OME_po40	omeprazole	plasma	HPLC	Fig2_po_40_pm_day_1	6.0	hr	0.0019929422119281995	0.00016829079328315	0.00047599824456711644	mole/meter^3
Prichard1985	pm	8	concentration	OME_po40	omeprazole	plasma	HPLC	Fig2_po_40_pm_day_1	6.5	hr	0.0019583363057324842	0.00019144198031268098	0.0005414796899315142	mole/meter^3
Prichard1985	pm	8	concentration	OME_po40	omeprazole	plasma	HPLC	Fig2_po_40_pm_day_1	7.0	hr	0.0020862194557035325	0.00024367747539085123	0.0006892239810851564	mole/meter^3
Prichard1985	pm	8	concentration	OME_po40	omeprazole	plasma	HPLC	Fig2_po_40_pm_day_1	8.0	hr	0.0019880732484076438	0.00023207382744643923	0.0006564039084931762	mole/meter^3
Prichard1985	pm	8	concentration	OME_po40	omeprazole	plasma	HPLC	Fig2_po_40_pm_day_1	10.0	hr	0.0013392368847712798	0.00025531841343370013	0.0007221495260030401	mole/meter^3
Prichard1985	pm	8	concentration	OME_po40	omeprazole	plasma	HPLC	Fig2_po_40_pm_day_1	12.0	hr	0.00046994924724956576	0.00027266792125072386	0.000771221344513706	mole/meter^3
