study	group	count	measurement_type	interventions	substance	tissue	method	label	time	time_unit	mean	mean_se	mean_sd	mean_unit
Prichard1985	am	8	concentration	OME_po40	omeprazole	plasma	HPLC	Fig2_po_40_am_day_1	1.0	hr	0.0014190002316155183	0.0004127525477707007	0.0011674405019227476	mole/meter^3
Prichard1985	am	8	concentration	OME_po40	omeprazole	plasma	HPLC	Fig2_po_40_am_day_1	1.5	hr	0.0019366387955993055	0.00033715935147654894	0.0009536306550781067	mole/meter^3
Prichard1985	am	8	concentration	OME_po40	omeprazole	plasma	HPLC	Fig2_po_40_am_day_1	2.0	hr	0.00243102374059062	0.0002906708164447018	0.0008221412216043169	mole/meter^3
Prichard1985	am	8	concentration	OME_po40	omeprazole	plasma	HPLC	Fig2_po_40_am_day_1	2.5	hr	0.0026056896352055587	0.00012210055008685553	0.00034535250781209326	mole/meter^3
Prichard1985	am	8	concentration	OME_po40	omeprazole	plasma	HPLC	Fig2_po_40_am_day_1	3.0	hr	0.002443158482918356	0.00013955946728430807	0.0003947337827820643	mole/meter^3
Prichard1985	am	8	concentration	OME_po40	omeprazole	plasma	HPLC	Fig2_po_40_am_day_1	3.5	hr	0.002234082513028373	0.00012208164447017952	0.00034529903465307764	mole/meter^3
Prichard1985	am	8	concentration	OME_po40	omeprazole	plasma	HPLC	Fig2_po_40_am_day_1	4.0	hr	0.002187819918934569	0.00016279473074696008	0.0004604530322104546	mole/meter^3
Prichard1985	am	8	concentration	OME_po40	omeprazole	plasma	HPLC	Fig2_po_40_am_day_1	4.5	hr	0.0021241166763173135	0.0001627756224667053	0.00046039898583227567	mole/meter^3
Prichard1985	am	8	concentration	OME_po40	omeprazole	plasma	HPLC	Fig2_po_40_am_day_1	5.0	hr	0.002101107701215982	0.00021511522872032457	0.0006084377478585467	mole/meter^3
Prichard1985	am	8	concentration	OME_po40	omeprazole	plasma	HPLC	Fig2_po_40_am_day_1	5.5	hr	0.0019269499131441808	0.00022092877822814134	0.0006248809489775103	mole/meter^3
Prichard1985	am	8	concentration	OME_po40	omeprazole	plasma	HPLC	Fig2_po_40_am_day_1	6.0	hr	0.0017702510133178926	0.00017444021424435437	0.0004933914336152693	mole/meter^3
Prichard1985	am	8	concentration	OME_po40	omeprazole	plasma	HPLC	Fig2_po_40_am_day_1	6.5	hr	0.0016425628257093225	0.00024997689635205536	0.000707041434202021	mole/meter^3
Prichard1985	am	8	concentration	OME_po40	omeprazole	plasma	HPLC	Fig2_po_40_am_day_1	7.0	hr	0.0014742371163867982	0.00026745474811812396	0.0007564762642194616	mole/meter^3
Prichard1985	am	8	concentration	OME_po40	omeprazole	plasma	HPLC	Fig2_po_40_am_day_1	8.0	hr	0.0011433427330631155	0.00024420104226983215	0.0006907048518472844	mole/meter^3
Prichard1985	am	8	concentration	OME_po40	omeprazole	plasma	HPLC	Fig2_po_40_am_day_1	10.0	hr	0.0008187321077012161	0.0003371592935726694	0.0009536304913012016	mole/meter^3
