study	group	count	measurement_type	interventions	substance	tissue	method	label	time	time_unit	mean	mean_se	mean_sd	mean_unit
Prichard1985	am	8	concentration	OME_po40_multi	omeprazole	plasma	HPLC	Fig2_po_40_am_day_5	1.0	hr	0.001535249768384482	0.00013954079328314998	0.00039468096473066304	mole/meter^3
Prichard1985	am	8	concentration	OME_po40_multi	omeprazole	plasma	HPLC	Fig2_po_40_am_day_5	1.5	hr	0.0020412614360162135	0.0001801971627099016	0.0005096745428109873	mole/meter^3
Prichard1985	am	8	concentration	OME_po40_multi	omeprazole	plasma	HPLC	Fig2_po_40_am_day_5	2.0	hr	0.00243102374059062	0.00016275694846554692	0.00046034616778087154	mole/meter^3
Prichard1985	am	8	concentration	OME_po40_multi	omeprazole	plasma	HPLC	Fig2_po_40_am_day_5	2.5	hr	0.0028091404169079334	6.392877822814129e-05	0.00018081789039235875	mole/meter^3
Prichard1985	am	8	concentration	OME_po40_multi	omeprazole	plasma	HPLC	Fig2_po_40_am_day_5	3.0	hr	0.0027163326577880724	8.722003474232746e-05	0.00024669551208650407	mole/meter^3
Prichard1985	am	8	concentration	OME_po40_multi	omeprazole	plasma	HPLC	Fig2_po_40_am_day_5	3.5	hr	0.0026177679791546038	6.977979154603359e-05	0.00019736705516793632	mole/meter^3
Prichard1985	am	8	concentration	OME_po40_multi	omeprazole	plasma	HPLC	Fig2_po_40_am_day_5	4.0	hr	0.0025133710191082804	8.138792704111176e-05	0.00023019982046994475	mole/meter^3
Prichard1985	am	8	concentration	OME_po40_multi	omeprazole	plasma	HPLC	Fig2_po_40_am_day_5	4.5	hr	0.0024263954834973945	7.557440648523452e-05	0.0002137567012394314	mole/meter^3
Prichard1985	am	8	concentration	OME_po40_multi	omeprazole	plasma	HPLC	Fig2_po_40_am_day_5	5.0	hr	0.002403386508396063	6.977967573827447e-05	0.00019736672761412917	mole/meter^3
Prichard1985	am	8	concentration	OME_po40_multi	omeprazole	plasma	HPLC	Fig2_po_40_am_day_5	5.5	hr	0.0022466876085697743	9.880932252460917e-05	0.00027947496800639926	mole/meter^3
Prichard1985	am	8	concentration	OME_po40_multi	omeprazole	plasma	HPLC	Fig2_po_40_am_day_5	6.0	hr	0.0021422719455703536	9.301467863346846e-05	0.00026308524004645166	mole/meter^3
Prichard1985	am	8	concentration	OME_po40_multi	omeprazole	plasma	HPLC	Fig2_po_40_am_day_5	6.5	hr	0.0020553152866242042	9.301459177764912e-05	0.000263084994381097	mole/meter^3
Prichard1985	am	8	concentration	OME_po40_multi	omeprazole	plasma	HPLC	Fig2_po_40_am_day_5	7.0	hr	0.0018753627678054431	9.880920671685005e-05	0.0002794746404525921	mole/meter^3
Prichard1985	am	8	concentration	OME_po40_multi	omeprazole	plasma	HPLC	Fig2_po_40_am_day_5	8.0	hr	0.0017421056745801971	0.00011628720324261727	0.00032890987991229304	mole/meter^3
Prichard1985	am	8	concentration	OME_po40_multi	omeprazole	plasma	HPLC	Fig2_po_40_am_day_5	10.0	hr	0.0010977949623624786	0.00013952194557035323	0.00039462765534854956	mole/meter^3
Prichard1985	am	8	concentration	OME_po40_multi	omeprazole	plasma	HPLC	Fig2_po_40_am_day_5	12.0	hr	0.0006801884771279676	0.00018021583671105969	0.0005097273608623915	mole/meter^3
