study	group	count	measurement_type	interventions	substance	tissue	method	label	time	time_unit	mean	mean_se	mean_sd	mean_unit
Prichard1985	pm	8	concentration	OME_po40_multi	omeprazole	plasma	HPLC	Fig2_po_40_pm_day_5	1.0	hr	0.0017807494499131444	0.00019146826867400088	0.0005415540446457354	mole/meter^3
Prichard1985	pm	8	concentration	OME_po40_multi	omeprazole	plasma	HPLC	Fig2_po_40_pm_day_5	1.5	hr	0.0021344329762594096	0.000150853647944412	0.00042667854971288654	mole/meter^3
Prichard1985	pm	8	concentration	OME_po40_multi	omeprazole	plasma	HPLC	Fig2_po_40_pm_day_5	2.0	hr	0.0023836792125072385	0.0001044373190503764	0.0002953933460378576	mole/meter^3
Prichard1985	pm	8	concentration	OME_po40_multi	omeprazole	plasma	HPLC	Fig2_po_40_pm_day_5	2.5	hr	0.0024994781702374065	0.00012184319629415171	0.0003446246013641546	mole/meter^3
Prichard1985	pm	8	concentration	OME_po40_multi	omeprazole	plasma	HPLC	Fig2_po_40_pm_day_5	3.0	hr	0.0025340665894614946	0.00011022061378112335	0.00031175097372470185	mole/meter^3
Prichard1985	pm	8	concentration	OME_po40_multi	omeprazole	plasma	HPLC	Fig2_po_40_pm_day_5	3.5	hr	0.002591826114649682	0.00011025784597568039	0.000311856282273703	mole/meter^3
Prichard1985	pm	8	concentration	OME_po40_multi	omeprazole	plasma	HPLC	Fig2_po_40_pm_day_5	4.0	hr	0.0025567898957730172	8.12289229878402e-05	0.00022975008909272642	mole/meter^3
Prichard1985	pm	8	concentration	OME_po40_multi	omeprazole	plasma	HPLC	Fig2_po_40_pm_day_5	4.5	hr	0.0025275555877243778	9.281441806601045e-05	0.00026251881762543664	mole/meter^3
Prichard1985	pm	8	concentration	OME_po40_multi	omeprazole	plasma	HPLC	Fig2_po_40_pm_day_5	5.0	hr	0.00250988824551245	9.861650260567459e-05	0.00027892959091749335	mole/meter^3
Prichard1985	pm	8	concentration	OME_po40_multi	omeprazole	plasma	HPLC	Fig2_po_40_pm_day_5	5.5	hr	0.0023355837579617836	8.703089171974524e-05	0.000246160534830976	mole/meter^3
Prichard1985	pm	8	concentration	OME_po40_multi	omeprazole	plasma	HPLC	Fig2_po_40_pm_day_5	6.0	hr	0.002236724667052693	9.281441806601045e-05	0.00026251881762543664	mole/meter^3
Prichard1985	pm	8	concentration	OME_po40_multi	omeprazole	plasma	HPLC	Fig2_po_40_pm_day_5	6.5	hr	0.002219075854082224	0.00012182484076433123	0.000344572684085721	mole/meter^3
Prichard1985	pm	8	concentration	OME_po40_multi	omeprazole	plasma	HPLC	Fig2_po_40_pm_day_5	7.0	hr	0.0021318025477707007	9.863491603937465e-05	0.0002789816719728301	mole/meter^3
Prichard1985	pm	8	concentration	OME_po40_multi	omeprazole	plasma	HPLC	Fig2_po_40_pm_day_5	8.0	hr	0.0019862656340474813	0.00011023928778228143	0.00031180379177610603	mole/meter^3
Prichard1985	pm	8	concentration	OME_po40_multi	omeprazole	plasma	HPLC	Fig2_po_40_pm_day_5	10.0	hr	0.0014167116386797917	0.00012762695425593516	0.00036098353926622764	mole/meter^3
Prichard1985	pm	8	concentration	OME_po40_multi	omeprazole	plasma	HPLC	Fig2_po_40_pm_day_5	12.0	hr	0.0013055023161551826	0.0001044185292414592	0.00029534020043264623	mole/meter^3
