{
  "experiment_id": "Regaardh1990",
  "base_path": "/home/mkoenig/git/pkdb_models/pkdb_models/models/omeprazole",
  "data_path": "[PosixPath('/home/mkoenig/git/pkdb_data/studies/omeprazole')]",
  "models": {
    "model": {
      "sid": null,
      "name": null,
      "language": "SBML",
      "language_type": "SBML",
      "source": {
        "source": "/home/mkoenig/git/pkdb_models/pkdb_models/models/omeprazole/models/results/omeprazole_body_flat.xml",
        "path": "/home/mkoenig/git/pkdb_models/pkdb_models/models/omeprazole/models/results/omeprazole_body_flat.xml",
        "content": "None"
      },
      "changes": {}
    }
  },
  "tasks": {
    "task_iv10": {
      "model": "model",
      "simulation": "iv10"
    },
    "task_iv10_long": {
      "model": "model",
      "simulation": "iv10_long"
    },
    "task_po20": {
      "model": "model",
      "simulation": "po20"
    },
    "task_po20_long": {
      "model": "model",
      "simulation": "po20_long"
    }
  },
  "simulations": {
    "iv10": {
      "type": "TimecourseSim",
      "selections": null,
      "reset": true,
      "time_offset": 0.0,
      "timecourses": [
        {
          "start": 0,
          "end": 180,
          "steps": 400,
          "changes": {
            "F_ome_solution": {
              "_magnitude": 1,
              "_units": "dimensionless",
              "_Quantity__used": false,
              "_Quantity__handling": null
            },
            "Ka_dis_ome": {
              "_magnitude": 19.993512372420888,
              "_units": "per_hr",
              "_Quantity__used": false,
              "_Quantity__handling": null
            },
            "Ka_abs_ome": {
              "_magnitude": 5.093313379656536,
              "_units": "per_hr",
              "_Quantity__used": false,
              "_Quantity__handling": null
            },
            "IVDOSE_ome": {
              "_magnitude": 10,
              "_units": "milligram",
              "_Quantity__used": false,
              "_Quantity__handling": null
            }
          },
          "model_changes": {},
          "model_manipulations": {},
          "discard": false
        }
      ]
    },
    "iv10_long": {
      "type": "TimecourseSim",
      "selections": null,
      "reset": true,
      "time_offset": 0.0,
      "timecourses": [
        {
          "start": 0,
          "end": 6000,
          "steps": 400,
          "changes": {
            "F_ome_solution": {
              "_magnitude": 1,
              "_units": "dimensionless",
              "_Quantity__used": false,
              "_Quantity__handling": null
            },
            "Ka_dis_ome": {
              "_magnitude": 19.993512372420888,
              "_units": "per_hr",
              "_Quantity__used": false,
              "_Quantity__handling": null
            },
            "Ka_abs_ome": {
              "_magnitude": 5.093313379656536,
              "_units": "per_hr",
              "_Quantity__used": false,
              "_Quantity__handling": null
            },
            "IVDOSE_ome": {
              "_magnitude": 10,
              "_units": "milligram",
              "_Quantity__used": false,
              "_Quantity__handling": null
            }
          },
          "model_changes": {},
          "model_manipulations": {},
          "discard": false
        }
      ]
    },
    "po20": {
      "type": "TimecourseSim",
      "selections": null,
      "reset": true,
      "time_offset": 0.0,
      "timecourses": [
        {
          "start": 0,
          "end": 180,
          "steps": 400,
          "changes": {
            "F_ome_solution": {
              "_magnitude": 1,
              "_units": "dimensionless",
              "_Quantity__used": false,
              "_Quantity__handling": null
            },
            "Ka_dis_ome": {
              "_magnitude": 19.993512372420888,
              "_units": "per_hr",
              "_Quantity__used": false,
              "_Quantity__handling": null
            },
            "Ka_abs_ome": {
              "_magnitude": 5.093313379656536,
              "_units": "per_hr",
              "_Quantity__used": false,
              "_Quantity__handling": null
            },
            "PODOSE_ome": {
              "_magnitude": 20,
              "_units": "milligram",
              "_Quantity__used": false,
              "_Quantity__handling": null
            }
          },
          "model_changes": {},
          "model_manipulations": {},
          "discard": false
        }
      ]
    },
    "po20_long": {
      "type": "TimecourseSim",
      "selections": null,
      "reset": true,
      "time_offset": 0.0,
      "timecourses": [
        {
          "start": 0,
          "end": 6000,
          "steps": 400,
          "changes": {
            "F_ome_solution": {
              "_magnitude": 1,
              "_units": "dimensionless",
              "_Quantity__used": false,
              "_Quantity__handling": null
            },
            "Ka_dis_ome": {
              "_magnitude": 19.993512372420888,
              "_units": "per_hr",
              "_Quantity__used": false,
              "_Quantity__handling": null
            },
            "Ka_abs_ome": {
              "_magnitude": 5.093313379656536,
              "_units": "per_hr",
              "_Quantity__used": false,
              "_Quantity__handling": null
            },
            "PODOSE_ome": {
              "_magnitude": 20,
              "_units": "milligram",
              "_Quantity__used": false,
              "_Quantity__handling": null
            }
          },
          "model_changes": {},
          "model_manipulations": {},
          "discard": false
        }
      ]
    }
  },
  "data": {
    "task_iv10__time": {
      "type": "TASK",
      "index": "time",
      "unit": null,
      "task": "task_iv10",
      "dataset": null,
      "function": null,
      "variables": null
    },
    "task_iv10__IVDOSE_ome": {
      "type": "TASK",
      "index": "IVDOSE_ome",
      "unit": null,
      "task": "task_iv10",
      "dataset": null,
      "function": null,
      "variables": null
    },
    "task_iv10__Cve_ome": {
      "type": "TASK",
      "index": "Cve_ome",
      "unit": null,
      "task": "task_iv10",
      "dataset": null,
      "function": null,
      "variables": null
    },
    "task_iv10__Car_ome": {
      "type": "TASK",
      "index": "Car_ome",
      "unit": null,
      "task": "task_iv10",
      "dataset": null,
      "function": null,
      "variables": null
    },
    "task_iv10__LI__ome": {
      "type": "TASK",
      "index": "LI__ome",
      "unit": null,
      "task": "task_iv10",
      "dataset": null,
      "function": null,
      "variables": null
    },
    "task_iv10__Cve_omemets": {
      "type": "TASK",
      "index": "Cve_omemets",
      "unit": null,
      "task": "task_iv10",
      "dataset": null,
      "function": null,
      "variables": null
    },
    "task_iv10__Car_omemets": {
      "type": "TASK",
      "index": "Car_omemets",
      "unit": null,
      "task": "task_iv10",
      "dataset": null,
      "function": null,
      "variables": null
    },
    "task_iv10__LI__omemets": {
      "type": "TASK",
      "index": "LI__omemets",
      "unit": null,
      "task": "task_iv10",
      "dataset": null,
      "function": null,
      "variables": null
    },
    "task_iv10__KI__omemets_urine": {
      "type": "TASK",
      "index": "KI__omemets_urine",
      "unit": null,
      "task": "task_iv10",
      "dataset": null,
      "function": null,
      "variables": null
    },
    "task_iv10__pH": {
      "type": "TASK",
      "index": "pH",
      "unit": null,
      "task": "task_iv10",
      "dataset": null,
      "function": null,
      "variables": null
    },
    "task_iv10__ST__pp_rate": {
      "type": "TASK",
      "index": "ST__pp_rate",
      "unit": null,
      "task": "task_iv10",
      "dataset": null,
      "function": null,
      "variables": null
    },
    "task_iv10__ST__gacid_loss": {
      "type": "TASK",
      "index": "ST__gacid_loss",
      "unit": null,
      "task": "task_iv10",
      "dataset": null,
      "function": null,
      "variables": null
    },
    "task_iv10__ST__protons_stomach": {
      "type": "TASK",
      "index": "ST__protons_stomach",
      "unit": null,
      "task": "task_iv10",
      "dataset": null,
      "function": null,
      "variables": null
    },
    "task_iv10__ST__pp_active": {
      "type": "TASK",
      "index": "ST__pp_active",
      "unit": null,
      "task": "task_iv10",
      "dataset": null,
      "function": null,
      "variables": null
    },
    "task_iv10__ST__pp_inactive": {
      "type": "TASK",
      "index": "ST__pp_inactive",
      "unit": null,
      "task": "task_iv10",
      "dataset": null,
      "function": null,
      "variables": null
    },
    "task_iv10__ST__pp_total": {
      "type": "TASK",
      "index": "ST__pp_total",
      "unit": null,
      "task": "task_iv10",
      "dataset": null,
      "function": null,
      "variables": null
    },
    "task_iv10__ST__pp_synthesis": {
      "type": "TASK",
      "index": "ST__pp_synthesis",
      "unit": null,
      "task": "task_iv10",
      "dataset": null,
      "function": null,
      "variables": null
    },
    "task_iv10__ST__pp_active_degradation": {
      "type": "TASK",
      "index": "ST__pp_active_degradation",
      "unit": null,
      "task": "task_iv10",
      "dataset": null,
      "function": null,
      "variables": null
    },
    "task_iv10__ST__pp_inactive_degradation": {
      "type": "TASK",
      "index": "ST__pp_inactive_degradation",
      "unit": null,
      "task": "task_iv10",
      "dataset": null,
      "function": null,
      "variables": null
    },
    "task_iv10__F_ome_pH": {
      "type": "TASK",
      "index": "F_ome_pH",
      "unit": null,
      "task": "task_iv10",
      "dataset": null,
      "function": null,
      "variables": null
    },
    "task_iv10__F_ome_pH2": {
      "type": "TASK",
      "index": "F_ome_pH2",
      "unit": null,
      "task": "task_iv10",
      "dataset": null,
      "function": null,
      "variables": null
    },
    "task_iv10__F_ome_pH6": {
      "type": "TASK",
      "index": "F_ome_pH6",
      "unit": null,
      "task": "task_iv10",
      "dataset": null,
      "function": null,
      "variables": null
    },
    "task_iv10_long__time": {
      "type": "TASK",
      "index": "time",
      "unit": null,
      "task": "task_iv10_long",
      "dataset": null,
      "function": null,
      "variables": null
    },
    "task_iv10_long__IVDOSE_ome": {
      "type": "TASK",
      "index": "IVDOSE_ome",
      "unit": null,
      "task": "task_iv10_long",
      "dataset": null,
      "function": null,
      "variables": null
    },
    "task_iv10_long__Cve_ome": {
      "type": "TASK",
      "index": "Cve_ome",
      "unit": null,
      "task": "task_iv10_long",
      "dataset": null,
      "function": null,
      "variables": null
    },
    "task_iv10_long__Car_ome": {
      "type": "TASK",
      "index": "Car_ome",
      "unit": null,
      "task": "task_iv10_long",
      "dataset": null,
      "function": null,
      "variables": null
    },
    "task_iv10_long__LI__ome": {
      "type": "TASK",
      "index": "LI__ome",
      "unit": null,
      "task": "task_iv10_long",
      "dataset": null,
      "function": null,
      "variables": null
    },
    "task_iv10_long__Cve_omemets": {
      "type": "TASK",
      "index": "Cve_omemets",
      "unit": null,
      "task": "task_iv10_long",
      "dataset": null,
      "function": null,
      "variables": null
    },
    "task_iv10_long__Car_omemets": {
      "type": "TASK",
      "index": "Car_omemets",
      "unit": null,
      "task": "task_iv10_long",
      "dataset": null,
      "function": null,
      "variables": null
    },
    "task_iv10_long__LI__omemets": {
      "type": "TASK",
      "index": "LI__omemets",
      "unit": null,
      "task": "task_iv10_long",
      "dataset": null,
      "function": null,
      "variables": null
    },
    "task_iv10_long__KI__omemets_urine": {
      "type": "TASK",
      "index": "KI__omemets_urine",
      "unit": null,
      "task": "task_iv10_long",
      "dataset": null,
      "function": null,
      "variables": null
    },
    "task_iv10_long__pH": {
      "type": "TASK",
      "index": "pH",
      "unit": null,
      "task": "task_iv10_long",
      "dataset": null,
      "function": null,
      "variables": null
    },
    "task_iv10_long__ST__pp_rate": {
      "type": "TASK",
      "index": "ST__pp_rate",
      "unit": null,
      "task": "task_iv10_long",
      "dataset": null,
      "function": null,
      "variables": null
    },
    "task_iv10_long__ST__gacid_loss": {
      "type": "TASK",
      "index": "ST__gacid_loss",
      "unit": null,
      "task": "task_iv10_long",
      "dataset": null,
      "function": null,
      "variables": null
    },
    "task_iv10_long__ST__protons_stomach": {
      "type": "TASK",
      "index": "ST__protons_stomach",
      "unit": null,
      "task": "task_iv10_long",
      "dataset": null,
      "function": null,
      "variables": null
    },
    "task_iv10_long__ST__pp_active": {
      "type": "TASK",
      "index": "ST__pp_active",
      "unit": null,
      "task": "task_iv10_long",
      "dataset": null,
      "function": null,
      "variables": null
    },
    "task_iv10_long__ST__pp_inactive": {
      "type": "TASK",
      "index": "ST__pp_inactive",
      "unit": null,
      "task": "task_iv10_long",
      "dataset": null,
      "function": null,
      "variables": null
    },
    "task_iv10_long__ST__pp_total": {
      "type": "TASK",
      "index": "ST__pp_total",
      "unit": null,
      "task": "task_iv10_long",
      "dataset": null,
      "function": null,
      "variables": null
    },
    "task_iv10_long__ST__pp_synthesis": {
      "type": "TASK",
      "index": "ST__pp_synthesis",
      "unit": null,
      "task": "task_iv10_long",
      "dataset": null,
      "function": null,
      "variables": null
    },
    "task_iv10_long__ST__pp_active_degradation": {
      "type": "TASK",
      "index": "ST__pp_active_degradation",
      "unit": null,
      "task": "task_iv10_long",
      "dataset": null,
      "function": null,
      "variables": null
    },
    "task_iv10_long__ST__pp_inactive_degradation": {
      "type": "TASK",
      "index": "ST__pp_inactive_degradation",
      "unit": null,
      "task": "task_iv10_long",
      "dataset": null,
      "function": null,
      "variables": null
    },
    "task_iv10_long__F_ome_pH": {
      "type": "TASK",
      "index": "F_ome_pH",
      "unit": null,
      "task": "task_iv10_long",
      "dataset": null,
      "function": null,
      "variables": null
    },
    "task_iv10_long__F_ome_pH2": {
      "type": "TASK",
      "index": "F_ome_pH2",
      "unit": null,
      "task": "task_iv10_long",
      "dataset": null,
      "function": null,
      "variables": null
    },
    "task_iv10_long__F_ome_pH6": {
      "type": "TASK",
      "index": "F_ome_pH6",
      "unit": null,
      "task": "task_iv10_long",
      "dataset": null,
      "function": null,
      "variables": null
    },
    "task_po20__time": {
      "type": "TASK",
      "index": "time",
      "unit": null,
      "task": "task_po20",
      "dataset": null,
      "function": null,
      "variables": null
    },
    "task_po20__IVDOSE_ome": {
      "type": "TASK",
      "index": "IVDOSE_ome",
      "unit": null,
      "task": "task_po20",
      "dataset": null,
      "function": null,
      "variables": null
    },
    "task_po20__Cve_ome": {
      "type": "TASK",
      "index": "Cve_ome",
      "unit": null,
      "task": "task_po20",
      "dataset": null,
      "function": null,
      "variables": null
    },
    "task_po20__Car_ome": {
      "type": "TASK",
      "index": "Car_ome",
      "unit": null,
      "task": "task_po20",
      "dataset": null,
      "function": null,
      "variables": null
    },
    "task_po20__LI__ome": {
      "type": "TASK",
      "index": "LI__ome",
      "unit": null,
      "task": "task_po20",
      "dataset": null,
      "function": null,
      "variables": null
    },
    "task_po20__Cve_omemets": {
      "type": "TASK",
      "index": "Cve_omemets",
      "unit": null,
      "task": "task_po20",
      "dataset": null,
      "function": null,
      "variables": null
    },
    "task_po20__Car_omemets": {
      "type": "TASK",
      "index": "Car_omemets",
      "unit": null,
      "task": "task_po20",
      "dataset": null,
      "function": null,
      "variables": null
    },
    "task_po20__LI__omemets": {
      "type": "TASK",
      "index": "LI__omemets",
      "unit": null,
      "task": "task_po20",
      "dataset": null,
      "function": null,
      "variables": null
    },
    "task_po20__KI__omemets_urine": {
      "type": "TASK",
      "index": "KI__omemets_urine",
      "unit": null,
      "task": "task_po20",
      "dataset": null,
      "function": null,
      "variables": null
    },
    "task_po20__pH": {
      "type": "TASK",
      "index": "pH",
      "unit": null,
      "task": "task_po20",
      "dataset": null,
      "function": null,
      "variables": null
    },
    "task_po20__ST__pp_rate": {
      "type": "TASK",
      "index": "ST__pp_rate",
      "unit": null,
      "task": "task_po20",
      "dataset": null,
      "function": null,
      "variables": null
    },
    "task_po20__ST__gacid_loss": {
      "type": "TASK",
      "index": "ST__gacid_loss",
      "unit": null,
      "task": "task_po20",
      "dataset": null,
      "function": null,
      "variables": null
    },
    "task_po20__ST__protons_stomach": {
      "type": "TASK",
      "index": "ST__protons_stomach",
      "unit": null,
      "task": "task_po20",
      "dataset": null,
      "function": null,
      "variables": null
    },
    "task_po20__ST__pp_active": {
      "type": "TASK",
      "index": "ST__pp_active",
      "unit": null,
      "task": "task_po20",
      "dataset": null,
      "function": null,
      "variables": null
    },
    "task_po20__ST__pp_inactive": {
      "type": "TASK",
      "index": "ST__pp_inactive",
      "unit": null,
      "task": "task_po20",
      "dataset": null,
      "function": null,
      "variables": null
    },
    "task_po20__ST__pp_total": {
      "type": "TASK",
      "index": "ST__pp_total",
      "unit": null,
      "task": "task_po20",
      "dataset": null,
      "function": null,
      "variables": null
    },
    "task_po20__ST__pp_synthesis": {
      "type": "TASK",
      "index": "ST__pp_synthesis",
      "unit": null,
      "task": "task_po20",
      "dataset": null,
      "function": null,
      "variables": null
    },
    "task_po20__ST__pp_active_degradation": {
      "type": "TASK",
      "index": "ST__pp_active_degradation",
      "unit": null,
      "task": "task_po20",
      "dataset": null,
      "function": null,
      "variables": null
    },
    "task_po20__ST__pp_inactive_degradation": {
      "type": "TASK",
      "index": "ST__pp_inactive_degradation",
      "unit": null,
      "task": "task_po20",
      "dataset": null,
      "function": null,
      "variables": null
    },
    "task_po20__F_ome_pH": {
      "type": "TASK",
      "index": "F_ome_pH",
      "unit": null,
      "task": "task_po20",
      "dataset": null,
      "function": null,
      "variables": null
    },
    "task_po20__F_ome_pH2": {
      "type": "TASK",
      "index": "F_ome_pH2",
      "unit": null,
      "task": "task_po20",
      "dataset": null,
      "function": null,
      "variables": null
    },
    "task_po20__F_ome_pH6": {
      "type": "TASK",
      "index": "F_ome_pH6",
      "unit": null,
      "task": "task_po20",
      "dataset": null,
      "function": null,
      "variables": null
    },
    "task_po20_long__time": {
      "type": "TASK",
      "index": "time",
      "unit": null,
      "task": "task_po20_long",
      "dataset": null,
      "function": null,
      "variables": null
    },
    "task_po20_long__IVDOSE_ome": {
      "type": "TASK",
      "index": "IVDOSE_ome",
      "unit": null,
      "task": "task_po20_long",
      "dataset": null,
      "function": null,
      "variables": null
    },
    "task_po20_long__Cve_ome": {
      "type": "TASK",
      "index": "Cve_ome",
      "unit": null,
      "task": "task_po20_long",
      "dataset": null,
      "function": null,
      "variables": null
    },
    "task_po20_long__Car_ome": {
      "type": "TASK",
      "index": "Car_ome",
      "unit": null,
      "task": "task_po20_long",
      "dataset": null,
      "function": null,
      "variables": null
    },
    "task_po20_long__LI__ome": {
      "type": "TASK",
      "index": "LI__ome",
      "unit": null,
      "task": "task_po20_long",
      "dataset": null,
      "function": null,
      "variables": null
    },
    "task_po20_long__Cve_omemets": {
      "type": "TASK",
      "index": "Cve_omemets",
      "unit": null,
      "task": "task_po20_long",
      "dataset": null,
      "function": null,
      "variables": null
    },
    "task_po20_long__Car_omemets": {
      "type": "TASK",
      "index": "Car_omemets",
      "unit": null,
      "task": "task_po20_long",
      "dataset": null,
      "function": null,
      "variables": null
    },
    "task_po20_long__LI__omemets": {
      "type": "TASK",
      "index": "LI__omemets",
      "unit": null,
      "task": "task_po20_long",
      "dataset": null,
      "function": null,
      "variables": null
    },
    "task_po20_long__KI__omemets_urine": {
      "type": "TASK",
      "index": "KI__omemets_urine",
      "unit": null,
      "task": "task_po20_long",
      "dataset": null,
      "function": null,
      "variables": null
    },
    "task_po20_long__pH": {
      "type": "TASK",
      "index": "pH",
      "unit": null,
      "task": "task_po20_long",
      "dataset": null,
      "function": null,
      "variables": null
    },
    "task_po20_long__ST__pp_rate": {
      "type": "TASK",
      "index": "ST__pp_rate",
      "unit": null,
      "task": "task_po20_long",
      "dataset": null,
      "function": null,
      "variables": null
    },
    "task_po20_long__ST__gacid_loss": {
      "type": "TASK",
      "index": "ST__gacid_loss",
      "unit": null,
      "task": "task_po20_long",
      "dataset": null,
      "function": null,
      "variables": null
    },
    "task_po20_long__ST__protons_stomach": {
      "type": "TASK",
      "index": "ST__protons_stomach",
      "unit": null,
      "task": "task_po20_long",
      "dataset": null,
      "function": null,
      "variables": null
    },
    "task_po20_long__ST__pp_active": {
      "type": "TASK",
      "index": "ST__pp_active",
      "unit": null,
      "task": "task_po20_long",
      "dataset": null,
      "function": null,
      "variables": null
    },
    "task_po20_long__ST__pp_inactive": {
      "type": "TASK",
      "index": "ST__pp_inactive",
      "unit": null,
      "task": "task_po20_long",
      "dataset": null,
      "function": null,
      "variables": null
    },
    "task_po20_long__ST__pp_total": {
      "type": "TASK",
      "index": "ST__pp_total",
      "unit": null,
      "task": "task_po20_long",
      "dataset": null,
      "function": null,
      "variables": null
    },
    "task_po20_long__ST__pp_synthesis": {
      "type": "TASK",
      "index": "ST__pp_synthesis",
      "unit": null,
      "task": "task_po20_long",
      "dataset": null,
      "function": null,
      "variables": null
    },
    "task_po20_long__ST__pp_active_degradation": {
      "type": "TASK",
      "index": "ST__pp_active_degradation",
      "unit": null,
      "task": "task_po20_long",
      "dataset": null,
      "function": null,
      "variables": null
    },
    "task_po20_long__ST__pp_inactive_degradation": {
      "type": "TASK",
      "index": "ST__pp_inactive_degradation",
      "unit": null,
      "task": "task_po20_long",
      "dataset": null,
      "function": null,
      "variables": null
    },
    "task_po20_long__F_ome_pH": {
      "type": "TASK",
      "index": "F_ome_pH",
      "unit": null,
      "task": "task_po20_long",
      "dataset": null,
      "function": null,
      "variables": null
    },
    "task_po20_long__F_ome_pH2": {
      "type": "TASK",
      "index": "F_ome_pH2",
      "unit": null,
      "task": "task_po20_long",
      "dataset": null,
      "function": null,
      "variables": null
    },
    "task_po20_long__F_ome_pH6": {
      "type": "TASK",
      "index": "F_ome_pH6",
      "unit": null,
      "task": "task_po20_long",
      "dataset": null,
      "function": null,
      "variables": null
    }
  },
  "figures": {
    "Fig2": {
      "sid": "Fig2",
      "name": "Regaardh1990",
      "num_rows": 3,
      "num_cols": 2,
      "width": 14.0,
      "height": 15.0,
      "subplots": [
        {
          "sid": null,
          "name": null,
          "plot": {
            "sid": "Fig2__plot0",
            "name": null,
            "xaxis": {
              "sid": "Fig2__plot0_xaxis",
              "name": "time [hr]",
              "label": "time",
              "unit": "hr",
              "scale": "LINEAR",
              "min": null,
              "max": null,
              "grid": false,
              "label_visible": true,
              "ticks_visible": true
            },
            "yaxis": {
              "sid": "Fig2__plot0_yaxis",
              "name": "omeprazole [\u00b5M]",
              "label": "omeprazole",
              "unit": "\u00b5M",
              "scale": "LINEAR",
              "min": null,
              "max": null,
              "grid": false,
              "label_visible": true,
              "ticks_visible": true
            },
            "yaxis_right": null,
            "legend": true,
            "facecolor": "#ffffffff",
            "title_visible": true,
            "curves": [
              {
                "sid": "Fig2__plot0_curve0",
                "name": "sim (iv10)",
                "x": "task_iv10__time",
                "y": "task_iv10__Cve_ome",
                "xerr": null,
                "yerr": null,
                "yaxis_position": null,
                "style": {
                  "sid": null,
                  "name": null,
                  "base_style": null,
                  "line": {
                    "type": "SOLID",
                    "color": "#000000ff",
                    "thickness": 2.0
                  },
                  "marker": {
                    "size": null,
                    "type": "NONE",
                    "fill": "#000000ff",
                    "line_color": null,
                    "line_thickness": null
                  },
                  "fill": {
                    "color": "#000000ff",
                    "second_color": null
                  }
                },
                "order": 0
              },
              {
                "sid": "Fig2__plot0_curve1",
                "name": "fm_ome_iv10_adult7 (n=1)",
                "x": "Fig2_iv_adult7__time",
                "y": "Fig2_iv_adult7__value",
                "xerr": null,
                "yerr": null,
                "yaxis_position": null,
                "style": {
                  "sid": null,
                  "name": null,
                  "base_style": null,
                  "line": {
                    "type": "DASH",
                    "color": "#000000ff",
                    "thickness": 1.0
                  },
                  "marker": {
                    "size": null,
                    "type": "SQUARE",
                    "fill": "#000000ff",
                    "line_color": null,
                    "line_thickness": null
                  },
                  "fill": {
                    "color": "#000000ff",
                    "second_color": null
                  }
                },
                "order": 1
              }
            ],
            "areas": []
          },
          "row": 1,
          "col": 1,
          "row_span": 1,
          "col_span": 1
        },
        {
          "sid": null,
          "name": null,
          "plot": {
            "sid": "Fig2__plot1",
            "name": null,
            "xaxis": {
              "sid": "Fig2__plot1_xaxis",
              "name": "time [hr]",
              "label": "time",
              "unit": "hr",
              "scale": "LINEAR",
              "min": null,
              "max": null,
              "grid": false,
              "label_visible": true,
              "ticks_visible": true
            },
            "yaxis": {
              "sid": "Fig2__plot1_yaxis",
              "name": "omeprazole [\u00b5M]",
              "label": "omeprazole",
              "unit": "\u00b5M",
              "scale": "LINEAR",
              "min": null,
              "max": null,
              "grid": false,
              "label_visible": true,
              "ticks_visible": true
            },
            "yaxis_right": null,
            "legend": true,
            "facecolor": "#ffffffff",
            "title_visible": true,
            "curves": [
              {
                "sid": "Fig2__plot1_curve0",
                "name": "sim (po20)",
                "x": "task_po20__time",
                "y": "task_po20__Cve_ome",
                "xerr": null,
                "yerr": null,
                "yaxis_position": null,
                "style": {
                  "sid": null,
                  "name": null,
                  "base_style": null,
                  "line": {
                    "type": "SOLID",
                    "color": "#1f77b4ff",
                    "thickness": 2.0
                  },
                  "marker": {
                    "size": null,
                    "type": "NONE",
                    "fill": "#1f77b4ff",
                    "line_color": null,
                    "line_thickness": null
                  },
                  "fill": {
                    "color": "#1f77b4ff",
                    "second_color": null
                  }
                },
                "order": 0
              },
              {
                "sid": "Fig2__plot1_curve1",
                "name": "fm_ome_po20_adult7 (n=1)",
                "x": "Fig2_po_adult7__time",
                "y": "Fig2_po_adult7__value",
                "xerr": null,
                "yerr": null,
                "yaxis_position": null,
                "style": {
                  "sid": null,
                  "name": null,
                  "base_style": null,
                  "line": {
                    "type": "DASH",
                    "color": "#1f77b4ff",
                    "thickness": 1.0
                  },
                  "marker": {
                    "size": null,
                    "type": "SQUARE",
                    "fill": "#1f77b4ff",
                    "line_color": null,
                    "line_thickness": null
                  },
                  "fill": {
                    "color": "#1f77b4ff",
                    "second_color": null
                  }
                },
                "order": 1
              }
            ],
            "areas": []
          },
          "row": 1,
          "col": 2,
          "row_span": 1,
          "col_span": 1
        },
        {
          "sid": null,
          "name": null,
          "plot": {
            "sid": "Fig2__plot2",
            "name": null,
            "xaxis": {
              "sid": "Fig2__plot2_xaxis",
              "name": "time [hr]",
              "label": "time",
              "unit": "hr",
              "scale": "LINEAR",
              "min": null,
              "max": null,
              "grid": false,
              "label_visible": true,
              "ticks_visible": true
            },
            "yaxis": {
              "sid": "Fig2__plot2_yaxis",
              "name": "omeprazole [\u00b5M]",
              "label": "omeprazole",
              "unit": "\u00b5M",
              "scale": "LINEAR",
              "min": null,
              "max": null,
              "grid": false,
              "label_visible": true,
              "ticks_visible": true
            },
            "yaxis_right": null,
            "legend": true,
            "facecolor": "#ffffffff",
            "title_visible": true,
            "curves": [
              {
                "sid": "Fig2__plot2_curve0",
                "name": "sim (iv10)",
                "x": "task_iv10__time",
                "y": "task_iv10__Cve_ome",
                "xerr": null,
                "yerr": null,
                "yaxis_position": null,
                "style": {
                  "sid": null,
                  "name": null,
                  "base_style": null,
                  "line": {
                    "type": "SOLID",
                    "color": "#000000ff",
                    "thickness": 2.0
                  },
                  "marker": {
                    "size": null,
                    "type": "NONE",
                    "fill": "#000000ff",
                    "line_color": null,
                    "line_thickness": null
                  },
                  "fill": {
                    "color": "#000000ff",
                    "second_color": null
                  }
                },
                "order": 0
              },
              {
                "sid": "Fig2__plot2_curve1",
                "name": "fm_ome_iv10 (n=8)",
                "x": "Fig2_iv__time",
                "y": "Fig2_iv__median",
                "xerr": null,
                "yerr": null,
                "yaxis_position": null,
                "style": {
                  "sid": null,
                  "name": null,
                  "base_style": null,
                  "line": {
                    "type": "DASH",
                    "color": "#000000ff",
                    "thickness": 1.0
                  },
                  "marker": {
                    "size": null,
                    "type": "SQUARE",
                    "fill": "#000000ff",
                    "line_color": null,
                    "line_thickness": null
                  },
                  "fill": {
                    "color": "#000000ff",
                    "second_color": null
                  }
                },
                "order": 1
              }
            ],
            "areas": []
          },
          "row": 2,
          "col": 1,
          "row_span": 1,
          "col_span": 1
        },
        {
          "sid": null,
          "name": null,
          "plot": {
            "sid": "Fig2__plot3",
            "name": null,
            "xaxis": {
              "sid": "Fig2__plot3_xaxis",
              "name": "time [hr]",
              "label": "time",
              "unit": "hr",
              "scale": "LINEAR",
              "min": null,
              "max": null,
              "grid": false,
              "label_visible": true,
              "ticks_visible": true
            },
            "yaxis": {
              "sid": "Fig2__plot3_yaxis",
              "name": "omeprazole [\u00b5M]",
              "label": "omeprazole",
              "unit": "\u00b5M",
              "scale": "LINEAR",
              "min": null,
              "max": null,
              "grid": false,
              "label_visible": true,
              "ticks_visible": true
            },
            "yaxis_right": null,
            "legend": true,
            "facecolor": "#ffffffff",
            "title_visible": true,
            "curves": [
              {
                "sid": "Fig2__plot3_curve0",
                "name": "sim (po20)",
                "x": "task_po20__time",
                "y": "task_po20__Cve_ome",
                "xerr": null,
                "yerr": null,
                "yaxis_position": null,
                "style": {
                  "sid": null,
                  "name": null,
                  "base_style": null,
                  "line": {
                    "type": "SOLID",
                    "color": "#1f77b4ff",
                    "thickness": 2.0
                  },
                  "marker": {
                    "size": null,
                    "type": "NONE",
                    "fill": "#1f77b4ff",
                    "line_color": null,
                    "line_thickness": null
                  },
                  "fill": {
                    "color": "#1f77b4ff",
                    "second_color": null
                  }
                },
                "order": 0
              },
              {
                "sid": "Fig2__plot3_curve1",
                "name": "fm_ome_po20 (n=8)",
                "x": "Fig2_po__time",
                "y": "Fig2_po__median",
                "xerr": null,
                "yerr": null,
                "yaxis_position": null,
                "style": {
                  "sid": null,
                  "name": null,
                  "base_style": null,
                  "line": {
                    "type": "DASH",
                    "color": "#1f77b4ff",
                    "thickness": 1.0
                  },
                  "marker": {
                    "size": null,
                    "type": "SQUARE",
                    "fill": "#1f77b4ff",
                    "line_color": null,
                    "line_thickness": null
                  },
                  "fill": {
                    "color": "#1f77b4ff",
                    "second_color": null
                  }
                },
                "order": 1
              }
            ],
            "areas": []
          },
          "row": 2,
          "col": 2,
          "row_span": 1,
          "col_span": 1
        },
        {
          "sid": null,
          "name": null,
          "plot": {
            "sid": "Fig2__plot4",
            "name": null,
            "xaxis": {
              "sid": "Fig2__plot4_xaxis",
              "name": "time [hr]",
              "label": "time",
              "unit": "hr",
              "scale": "LINEAR",
              "min": null,
              "max": null,
              "grid": false,
              "label_visible": true,
              "ticks_visible": true
            },
            "yaxis": {
              "sid": "Fig2__plot4_yaxis",
              "name": "omeprazole metabolites urine\n [millimole]",
              "label": "omeprazole metabolites urine\n",
              "unit": "millimole",
              "scale": "LINEAR",
              "min": null,
              "max": null,
              "grid": false,
              "label_visible": true,
              "ticks_visible": true
            },
            "yaxis_right": null,
            "legend": true,
            "facecolor": "#ffffffff",
            "title_visible": true,
            "curves": [
              {
                "sid": "Fig2__plot4_curve0",
                "name": "sim (iv10_long)",
                "x": "task_iv10_long__time",
                "y": "task_iv10_long__KI__omemets_urine",
                "xerr": null,
                "yerr": null,
                "yaxis_position": null,
                "style": {
                  "sid": null,
                  "name": null,
                  "base_style": null,
                  "line": {
                    "type": "SOLID",
                    "color": "#000000ff",
                    "thickness": 2.0
                  },
                  "marker": {
                    "size": null,
                    "type": "NONE",
                    "fill": "#000000ff",
                    "line_color": null,
                    "line_thickness": null
                  },
                  "fill": {
                    "color": "#000000ff",
                    "second_color": null
                  }
                },
                "order": 0
              },
              {
                "sid": "Fig2__plot4_curve1",
                "name": "fm_KI_omemets_urine_iv10\u00b1SD (n=8)",
                "x": "Fig6_amount_urine_iv__time",
                "y": "Fig6_amount_urine_iv__mean",
                "xerr": null,
                "yerr": "Fig6_amount_urine_iv__mean_sd",
                "yaxis_position": null,
                "style": {
                  "sid": null,
                  "name": null,
                  "base_style": null,
                  "line": {
                    "type": "DASH",
                    "color": "#000000ff",
                    "thickness": 1.0
                  },
                  "marker": {
                    "size": null,
                    "type": "SQUARE",
                    "fill": "#000000ff",
                    "line_color": null,
                    "line_thickness": null
                  },
                  "fill": {
                    "color": "#000000ff",
                    "second_color": null
                  }
                },
                "order": 1
              }
            ],
            "areas": []
          },
          "row": 3,
          "col": 1,
          "row_span": 1,
          "col_span": 1
        },
        {
          "sid": null,
          "name": null,
          "plot": {
            "sid": "Fig2__plot5",
            "name": null,
            "xaxis": {
              "sid": "Fig2__plot5_xaxis",
              "name": "time [hr]",
              "label": "time",
              "unit": "hr",
              "scale": "LINEAR",
              "min": null,
              "max": null,
              "grid": false,
              "label_visible": true,
              "ticks_visible": true
            },
            "yaxis": {
              "sid": "Fig2__plot5_yaxis",
              "name": "omeprazole metabolites urine\n [millimole]",
              "label": "omeprazole metabolites urine\n",
              "unit": "millimole",
              "scale": "LINEAR",
              "min": null,
              "max": null,
              "grid": false,
              "label_visible": true,
              "ticks_visible": true
            },
            "yaxis_right": null,
            "legend": true,
            "facecolor": "#ffffffff",
            "title_visible": true,
            "curves": [
              {
                "sid": "Fig2__plot5_curve0",
                "name": "sim (po20_long)",
                "x": "task_po20_long__time",
                "y": "task_po20_long__KI__omemets_urine",
                "xerr": null,
                "yerr": null,
                "yaxis_position": null,
                "style": {
                  "sid": null,
                  "name": null,
                  "base_style": null,
                  "line": {
                    "type": "SOLID",
                    "color": "#1f77b4ff",
                    "thickness": 2.0
                  },
                  "marker": {
                    "size": null,
                    "type": "NONE",
                    "fill": "#1f77b4ff",
                    "line_color": null,
                    "line_thickness": null
                  },
                  "fill": {
                    "color": "#1f77b4ff",
                    "second_color": null
                  }
                },
                "order": 0
              },
              {
                "sid": "Fig2__plot5_curve1",
                "name": "fm_KI_omemets_urine_po20\u00b1SD (n=8)",
                "x": "Fig6_amount_urine_po__time",
                "y": "Fig6_amount_urine_po__mean",
                "xerr": null,
                "yerr": "Fig6_amount_urine_po__mean_sd",
                "yaxis_position": null,
                "style": {
                  "sid": null,
                  "name": null,
                  "base_style": null,
                  "line": {
                    "type": "DASH",
                    "color": "#1f77b4ff",
                    "thickness": 1.0
                  },
                  "marker": {
                    "size": null,
                    "type": "SQUARE",
                    "fill": "#1f77b4ff",
                    "line_color": null,
                    "line_thickness": null
                  },
                  "fill": {
                    "color": "#1f77b4ff",
                    "second_color": null
                  }
                },
                "order": 1
              }
            ],
            "areas": []
          },
          "row": 3,
          "col": 2,
          "row_span": 1,
          "col_span": 1
        }
      ]
    }
  }
}