study	group	count	measurement_type	interventions	substance	tissue	method	label	time	time_unit	mean	mean_sd	mean_unit
Regaardh1990	all	8	cumulative amount	OME_iv10	omeprazole metabolites	urine	HPLC	Fig6_amount_urine_iv10	2	hr	6.971422119281992e-06	2.8506777649102494e-06	mole
Regaardh1990	all	8	cumulative amount	OME_iv10	omeprazole metabolites	urine	HPLC	Fig6_amount_urine_iv10	6	hr	1.7619461493920097e-05	3.2948060220034748e-06	mole
Regaardh1990	all	8	cumulative amount	OME_iv10	omeprazole metabolites	urine	HPLC	Fig6_amount_urine_iv10	9	hr	1.863716850028952e-05	2.851366531557615e-06	mole
Regaardh1990	all	8	cumulative amount	OME_iv10	omeprazole metabolites	urine	HPLC	Fig6_amount_urine_iv10	12	hr	1.9781572090330054e-05	1.9007932831499712e-06	mole
Regaardh1990	all	8	cumulative amount	OME_iv10	omeprazole metabolites	urine	HPLC	Fig6_amount_urine_iv10	24	hr	2.163451071221772e-05	8.872206137811177e-07	mole
Regaardh1990	all	8	cumulative amount	OME_iv10	omeprazole metabolites	urine	HPLC	Fig6_amount_urine_iv10	48	hr	2.2426711059641e-05	8.23529241459175e-07	mole
Regaardh1990	all	8	cumulative amount	OME_iv10	omeprazole metabolites	urine	HPLC	Fig6_amount_urine_iv10	72	hr	2.2774782860451655e-05	7.598361320208484e-07	mole
Regaardh1990	all	8	cumulative amount	OME_iv10	omeprazole metabolites	urine	HPLC	Fig6_amount_urine_iv10	96	hr	2.293280833815866e-05	7.60182397220611e-07	mole
