study	group	count	measurement_type	interventions	substance	tissue	method	label	time	time_unit	mean	mean_sd	mean_unit
Regaardh1990	all	8	cumulative amount	OME_po20	omeprazole metabolites	urine	HPLC	Fig6_amount_urine_po20	2	hr	2.3318407643312104e-05	8.615381586566301e-06	mole
Regaardh1990	all	8	cumulative amount	OME_po20	omeprazole metabolites	urine	HPLC	Fig6_amount_urine_po20	6	hr	3.384525998841923e-05	6.206766647365374e-06	mole
Regaardh1990	all	8	cumulative amount	OME_po20	omeprazole metabolites	urine	HPLC	Fig6_amount_urine_po20	9	hr	3.6641540243196306e-05	4.687780544296469e-06	mole
Regaardh1990	all	8	cumulative amount	OME_po20	omeprazole metabolites	urine	HPLC	Fig6_amount_urine_po20	12	hr	3.85495657209033e-05	3.799526925303996e-06	mole
Regaardh1990	all	8	cumulative amount	OME_po20	omeprazole metabolites	urine	HPLC	Fig6_amount_urine_po20	24	hr	4.174797336421541e-05	1.7730689056166823e-06	mole
Regaardh1990	all	8	cumulative amount	OME_po20	omeprazole metabolites	urine	HPLC	Fig6_amount_urine_po20	48	hr	4.345906774753909e-05	1.7744470179502002e-06	mole
Regaardh1990	all	8	cumulative amount	OME_po20	omeprazole metabolites	urine	HPLC	Fig6_amount_urine_po20	72	hr	4.3901815865663005e-05	1.9004493341053854e-06	mole
Regaardh1990	all	8	cumulative amount	OME_po20	omeprazole metabolites	urine	HPLC	Fig6_amount_urine_po20	96	hr	4.447195136074118e-05	1.647744643891144e-06	mole
