study	individual	count	measurement_type	interventions	substance	tissue	method	label	time	time_unit	value	comments	value_unit
Regaardh1990	adult7	1	concentration	OME_iv10	omeprazole	plasma	HPLC	Fig2_iv_adult7	5.606528	min	1332.0743		nmol/l
Regaardh1990	adult7	1	concentration	OME_iv10	omeprazole	plasma	HPLC	Fig2_iv_adult7	8.228878	min	1797.1885		nmol/l
Regaardh1990	adult7	1	concentration	OME_iv10	omeprazole	plasma	HPLC	Fig2_iv_adult7	10.938402	min	938.07855		nmol/l
Regaardh1990	adult7	1	concentration	OME_iv10	omeprazole	plasma	HPLC	Fig2_iv_adult7	14.765648	min	595.2262		nmol/l
Regaardh1990	adult7	1	concentration	OME_iv10	omeprazole	plasma	HPLC	Fig2_iv_adult7	19.714201	min	441.5433		nmol/l
Regaardh1990	adult7	1	concentration	OME_iv10	omeprazole	plasma	HPLC	Fig2_iv_adult7	25.415066	min	345.0631		nmol/l
Regaardh1990	adult7	1	concentration	OME_iv10	omeprazole	plasma	HPLC	Fig2_iv_adult7	30.348095	min	303.13382		nmol/l
Regaardh1990	adult7	1	concentration	OME_iv10	omeprazole	plasma	HPLC	Fig2_iv_adult7	40.218925	min	222.07915		nmol/l
Regaardh1990	adult7	1	concentration	OME_iv10	omeprazole	plasma	HPLC	Fig2_iv_adult7	50.094536	min	154.44818		nmol/l
Regaardh1990	adult7	1	concentration	OME_iv10	omeprazole	plasma	HPLC	Fig2_iv_adult7	60.35347	min	101.97115		nmol/l
Regaardh1990	adult7	1	concentration	OME_iv10	omeprazole	plasma	HPLC	Fig2_iv_adult7	89.93372	min	56.96869		nmol/l
Regaardh1990	adult7	1	concentration	OME_iv10	omeprazole	plasma	HPLC	Fig2_iv_adult7	120.28301	min	27.946981		nmol/l
