study	group	count	measurement_type	interventions	substance	tissue	method	label	time	time_unit	mean	mean_se	mean_sd	comments	mean_unit
Landahl1992	metabolites	8	cumulative amount	OME_po40	omeprazole metabolites	urine	HPLC	Fig5_amount_po40	0.0	hr	0.0			young group in Regardh1990	mole
Landahl1992	metabolites	8	cumulative amount	OME_po40	omeprazole metabolites	urine	HPLC	Fig5_amount_po40	3.3944376	hr	2.991662536189925e-05	5.618929936305733e-06	1.5892733843895515e-05	young group in Regardh1990	mole
Landahl1992	metabolites	8	cumulative amount	OME_po40	omeprazole metabolites	urine	HPLC	Fig5_amount_po40	6.146041	hr	4.628538969310945e-05	5.355543717429069e-06	1.514776511814042e-05	young group in Regardh1990	mole
Landahl1992	metabolites	8	cumulative amount	OME_po40	omeprazole metabolites	urine	HPLC	Fig5_amount_po40	8.864765	hr	5.631785292414592e-05	3.574200347423278e-06	1.0109365211929215e-05	young group in Regardh1990	mole
Landahl1992	metabolites	8	cumulative amount	OME_po40	omeprazole metabolites	urine	HPLC	Fig5_amount_po40	12.321559	hr	6.175676896352055e-05	3.1118656629994213e-06	8.801685249793892e-06	young group in Regardh1990	mole
Landahl1992	metabolites	8	cumulative amount	OME_po40	omeprazole metabolites	urine	HPLC	Fig5_amount_po40	24.001417	hr	7.347605095541401e-05	3.0590584829183557e-06	8.652323989271195e-06	young group in Regardh1990	mole
Landahl1992	metabolites	8	cumulative amount	OME_po40	omeprazole metabolites	urine	HPLC	Fig5_amount_po40	48.212578	hr	7.746224667052694e-05	1.8992588303416418e-06	5.371915192652027e-06	young group in Regardh1990	mole
Landahl1992	metabolites	8	cumulative amount	OME_po40	omeprazole metabolites	urine	HPLC	Fig5_amount_po40	72.220795	hr	7.904632310364795e-05	2.2787492762015146e-06	6.445276263304113e-06	young group in Regardh1990	mole
Landahl1992	metabolites	8	cumulative amount	OME_po40	omeprazole metabolites	urine	HPLC	Fig5_amount_po40	96.03061	hr	7.910224667052694e-05	1.7853966415749798e-06	5.049864289461437e-06	young group in Regardh1990	mole
