study	group	count	measurement_type	interventions	substance	tissue	method	label	time	time_unit	mean	mean_se	mean_sd	comments	mean_unit
Landahl1992	all	14	concentration	OME_po40	omeprazole	plasma	HPLC	Fig1_concentration_po40	0.083330154	hr	2281.6523	497.8391	1862.74334593989	young group in Regardh1990	nmol/l
Landahl1992	all	14	concentration	OME_po40	omeprazole	plasma	HPLC	Fig1_concentration_po40	0.24259181	hr	5230.1245	745.7745	2790.43266679264	young group in Regardh1990	nmol/l
Landahl1992	all	14	concentration	OME_po40	omeprazole	plasma	HPLC	Fig1_concentration_po40	0.32100224	hr	4839.9756	689.8636	2581.23323480646	young group in Regardh1990	nmol/l
Landahl1992	all	14	concentration	OME_po40	omeprazole	plasma	HPLC	Fig1_concentration_po40	0.40814614	hr	4478.6294	637.8433	2386.59109504927	young group in Regardh1990	nmol/l
Landahl1992	all	14	concentration	OME_po40	omeprazole	plasma	HPLC	Fig1_concentration_po40	0.49506122	hr	3778.8494	538.6164	2015.31803169759	young group in Regardh1990	nmol/l
Landahl1992	all	14	concentration	OME_po40	omeprazole	plasma	HPLC	Fig1_concentration_po40	0.66053927	hr	3137.8357	488.5037	1827.8134775714	young group in Regardh1990	nmol/l
Landahl1992	all	14	concentration	OME_po40	omeprazole	plasma	HPLC	Fig1_concentration_po40	0.99176234	hr	2409.5735	466.8875	1746.93306316742	young group in Regardh1990	nmol/l
Landahl1992	all	14	concentration	OME_po40	omeprazole	plasma	HPLC	Fig1_concentration_po40	1.4888829	hr	1819.762	440.2585	1647.29646861502	young group in Regardh1990	nmol/l
Landahl1992	all	14	concentration	OME_po40	omeprazole	plasma	HPLC	Fig1_concentration_po40	2.0121658	hr	1353.0698	342.87406	1282.91725933217	young group in Regardh1990	nmol/l
Landahl1992	all	14	concentration	OME_po40	omeprazole	plasma	HPLC	Fig1_concentration_po40	3.9837153	hr	546.0265	185.62162	694.532505617946	young group in Regardh1990	nmol/l
