study	group	count	measurement_type	interventions	substance	tissue	method	label	time	time_unit	mean	mean_se	mean_sd	comments	mean_unit
Landahl1992	metabolites	8	cumulative amount	OME_iv20	omeprazole metabolites	urine	HPLC	Fig5_amount_iv20	0.0	hr	0.0			young group in Regardh1990	mole
Landahl1992	metabolites	8	cumulative amount	OME_iv20	omeprazole metabolites	urine	HPLC	Fig5_amount_iv20	3.3944376	hr	1.8408443543717434e-05	3.0494371742906783e-06	8.625110818973135e-06	young group in Regardh1990	mole
Landahl1992	metabolites	8	cumulative amount	OME_iv20	omeprazole metabolites	urine	HPLC	Fig5_amount_iv20	6.146041	hr	2.5915544296467867e-05	2.7633323682686716e-06	7.815884225100233e-06	young group in Regardh1990	mole
Landahl1992	metabolites	8	cumulative amount	OME_iv20	omeprazole metabolites	urine	HPLC	Fig5_amount_iv20	8.864765	hr	3.05898436595252e-05	2.0247944412275653e-06	5.726983519603359e-06	young group in Regardh1990	mole
Landahl1992	metabolites	8	cumulative amount	OME_iv20	omeprazole metabolites	urine	HPLC	Fig5_amount_iv20	12.321559	hr	3.2537722061378113e-05	1.7125801968731936e-06	4.843908282139317e-06	young group in Regardh1990	mole
Landahl1992	metabolites	8	cumulative amount	OME_iv20	omeprazole metabolites	urine	HPLC	Fig5_amount_iv20	24.001417	hr	3.640568789808918e-05	1.6500098436595343e-06	4.666932597904836e-06	young group in Regardh1990	mole
Landahl1992	metabolites	8	cumulative amount	OME_iv20	omeprazole metabolites	urine	HPLC	Fig5_amount_iv20	48.212578	hr	3.85841320208454e-05	1.3875205558772468e-06	3.924500776386103e-06	young group in Regardh1990	mole
Landahl1992	metabolites	8	cumulative amount	OME_iv20	omeprazole metabolites	urine	HPLC	Fig5_amount_iv20	72.220795	hr	3.934747770700638e-05	1.4459183555298235e-06	4.089674696948959e-06	young group in Regardh1990	mole
Landahl1992	metabolites	8	cumulative amount	OME_iv20	omeprazole metabolites	urine	HPLC	Fig5_amount_iv20	96.03061	hr	3.9457764910248997e-05	1.4998899826288422e-06	4.242329511002519e-06	young group in Regardh1990	mole
