study	group	count	measurement_type	interventions	substance	tissue	method	label	time	time_unit	mean	mean_se	mean_sd	comments	mean_unit
Landahl1992	all	14	concentration	OME_iv20	omeprazole	plasma	HPLC	Fig1_concentration_iv20	0.07696121	hr	5922.655			young group in Regardh1990	nmol/l
Landahl1992	all	14	concentration	OME_iv20	omeprazole	plasma	HPLC	Fig1_concentration_iv20	0.18092369	hr	4218.7007			young group in Regardh1990	nmol/l
Landahl1992	all	14	concentration	OME_iv20	omeprazole	plasma	HPLC	Fig1_concentration_iv20	0.23259982	hr	3148.182			young group in Regardh1990	nmol/l
Landahl1992	all	14	concentration	OME_iv20	omeprazole	plasma	HPLC	Fig1_concentration_iv20	0.3282865	hr	2697.2817			young group in Regardh1990	nmol/l
Landahl1992	all	14	concentration	OME_iv20	omeprazole	plasma	HPLC	Fig1_concentration_iv20	0.40662065	hr	2420.4436			young group in Regardh1990	nmol/l
Landahl1992	all	14	concentration	OME_iv20	omeprazole	plasma	HPLC	Fig1_concentration_iv20	0.4849548	hr	2172.0188			young group in Regardh1990	nmol/l
Landahl1992	all	14	concentration	OME_iv20	omeprazole	plasma	HPLC	Fig1_concentration_iv20	0.65931886	hr	1917.9181	114.3431	427.832704741631	young group in Regardh1990	nmol/l
Landahl1992	all	14	concentration	OME_iv20	omeprazole	plasma	HPLC	Fig1_concentration_iv20	0.9904275	hr	1406.3593	219.0242	819.513515812253	young group in Regardh1990	nmol/l
Landahl1992	all	14	concentration	OME_iv20	omeprazole	plasma	HPLC	Fig1_concentration_iv20	1.496129	hr	998.6573	181.0759	677.52397880174	young group in Regardh1990	nmol/l
Landahl1992	all	14	concentration	OME_iv20	omeprazole	plasma	HPLC	Fig1_concentration_iv20	2.0017161	hr	677.16254	69.13374	258.674768946309	young group in Regardh1990	nmol/l
Landahl1992	all	14	concentration	OME_iv20	omeprazole	plasma	HPLC	Fig1_concentration_iv20	3.9903893	hr	237.90129	65.69014	245.789997569214	young group in Regardh1990	nmol/l
