study	group	count	measurement_type	interventions	substance	tissue	method	label	time	time_unit	mean	mean_se	mean_sd	mean_unit
Regaardh1986	young8	8	concentration	D_OME_po_20	omeprazole	plasma	HPLC	Fig1_po	3.0560272	min	404.42654	79.71399	225.465211537747	nmol/l
Regaardh1986	young8	8	concentration	D_OME_po_20	omeprazole	plasma	HPLC	Fig1_po	8.163265	min	1062.3743	292.9018	828.451396006984	nmol/l
Regaardh1986	young8	8	concentration	D_OME_po_20	omeprazole	plasma	HPLC	Fig1_po	11.020409	min	1569.4165	439.1702	1242.16090606021	nmol/l
Regaardh1986	young8	8	concentration	D_OME_po_20	omeprazole	plasma	HPLC	Fig1_po	15.102041	min	1738.4305	482.1081	1363.60762709985	nmol/l
Regaardh1986	young8	8	concentration	D_OME_po_20	omeprazole	plasma	HPLC	Fig1_po	20.204082	min	1466.8008	518.1074	1465.42902369172	nmol/l
Regaardh1986	young8	8	concentration	D_OME_po_20	omeprazole	plasma	HPLC	Fig1_po	24.897959	min	1279.6781	536.1013	1516.3234585317	nmol/l
Regaardh1986	young8	8	concentration	D_OME_po_20	omeprazole	plasma	HPLC	Fig1_po	30.0	min	1171.0261	511.9357	1447.97282000593	nmol/l
Regaardh1986	young8	8	concentration	D_OME_po_20	omeprazole	plasma	HPLC	Fig1_po	40.204082	min	839.0342	433.1614	1225.16545315303	nmol/l
Regaardh1986	young8	8	concentration	D_OME_po_20	omeprazole	plasma	HPLC	Fig1_po	49.795918	min	820.92554	415.47416	1175.13838377514	nmol/l
Regaardh1986	young8	8	concentration	D_OME_po_20	omeprazole	plasma	HPLC	Fig1_po	60.204082	min	772.6358	434.0164	1227.58375834469	nmol/l
Regaardh1986	young8	8	concentration	D_OME_po_20	omeprazole	plasma	HPLC	Fig1_po	90.0	min	585.51306	338.37864	957.079323810726	nmol/l
Regaardh1986	young8	8	concentration	D_OME_po_20	omeprazole	plasma	HPLC	Fig1_po	119.79592	min	561.3682	333.77554	944.059790912807	nmol/l
