study	group	count	measurement_type	interventions	substance	tissue	method	label	time	time_unit	mean	mean_se	mean_sd	mean_unit
Regaardh1986	young8	8	concentration	D_OME_iv_10	omeprazole	plasma	HPLC	Fig1_iv	0.4074703	min	2915.3225			nmol/l
Regaardh1986	young8	8	concentration	D_OME_iv_10	omeprazole	plasma	HPLC	Fig1_iv	3.2597623	min	1935.4839	254.0322	718.511565038949	nmol/l
Regaardh1986	young8	8	concentration	D_OME_iv_10	omeprazole	plasma	HPLC	Fig1_iv	5.908319	min	1360.8871	175.4032	496.115168647281	nmol/l
Regaardh1986	young8	8	concentration	D_OME_iv_10	omeprazole	plasma	HPLC	Fig1_iv	10.797962	min	1028.2258	181.4516	513.222627268596	nmol/l
Regaardh1986	young8	8	concentration	D_OME_iv_10	omeprazole	plasma	HPLC	Fig1_iv	15.280136	min	889.1129	235.8871	667.189472017717	nmol/l
Regaardh1986	young8	8	concentration	D_OME_iv_10	omeprazole	plasma	HPLC	Fig1_iv	20.169779	min	786.29034	211.69354	598.759750669543	nmol/l
Regaardh1986	young8	8	concentration	D_OME_iv_10	omeprazole	plasma	HPLC	Fig1_iv	25.466892	min	689.5161	205.64513	581.652263763957	nmol/l
Regaardh1986	young8	8	concentration	D_OME_iv_10	omeprazole	plasma	HPLC	Fig1_iv	35.449917	min	586.69354	193.54837	547.437459658412	nmol/l
Regaardh1986	young8	8	concentration	D_OME_iv_10	omeprazole	plasma	HPLC	Fig1_iv	45.432938	min	502.01614	211.69357	598.759835522356	nmol/l
Regaardh1986	young8	8	concentration	D_OME_iv_10	omeprazole	plasma	HPLC	Fig1_iv	55.619694	min	447.58066	187.5	530.330085889911	nmol/l
Regaardh1986	young8	8	concentration	D_OME_iv_10	omeprazole	plasma	HPLC	Fig1_iv	84.95756	min	320.5645	145.16127	410.578073530605	nmol/l
Regaardh1986	young8	8	concentration	D_OME_iv_10	omeprazole	plasma	HPLC	Fig1_iv	114.906624	min	260.08066	151.209696	427.685605691026	nmol/l
