study	group	count	measurement_type	interventions	substance	tissue	method	label	time	time_unit	mean	mean_se	mean_sd	mean_unit
Cederberg1992	all	9	concentration	OME_po20	omeprazole	plasma	HPLC	Fig4_concentration_po_20_day_1	0.0	hr	0.0043684426			micromol/l
Cederberg1992	all	9	concentration	OME_po20	omeprazole	plasma	HPLC	Fig4_concentration_po_20_day_1	0.5	hr	0.12226079			micromol/l
Cederberg1992	all	9	concentration	OME_po20	omeprazole	plasma	HPLC	Fig4_concentration_po_20_day_1	1.0	hr	0.67341524			micromol/l
Cederberg1992	all	9	concentration	OME_po20	omeprazole	plasma	HPLC	Fig4_concentration_po_20_day_1	1.5	hr	0.46745512			micromol/l
Cederberg1992	all	9	concentration	OME_po20	omeprazole	plasma	HPLC	Fig4_concentration_po_20_day_1	2.0	hr	0.28336895			micromol/l
Cederberg1992	all	9	concentration	OME_po20	omeprazole	plasma	HPLC	Fig4_concentration_po_20_day_1	2.4982972	hr	0.16931288			micromol/l
Cederberg1992	all	9	concentration	OME_po20	omeprazole	plasma	HPLC	Fig4_concentration_po_20_day_1	3.0	hr	0.1209026			micromol/l
Cederberg1992	all	9	concentration	OME_po20	omeprazole	plasma	HPLC	Fig4_concentration_po_20_day_1	3.5	hr	0.07249232			micromol/l
Cederberg1992	all	9	concentration	OME_po20	omeprazole	plasma	HPLC	Fig4_concentration_po_20_day_1	4.0	hr	0.059069283			micromol/l
Cederberg1992	all	9	concentration	OME_po20	omeprazole	plasma	HPLC	Fig4_concentration_po_20_day_1	4.501209	hr	0.05005441			micromol/l
Cederberg1992	all	9	concentration	OME_po20	omeprazole	plasma	HPLC	Fig4_concentration_po_20_day_1	5.0	hr	0.054168686			micromol/l
Cederberg1992	all	9	concentration	OME_po20	omeprazole	plasma	HPLC	Fig4_concentration_po_20_day_1	5.5	hr	0.08452539			micromol/l
Cederberg1992	all	9	concentration	OME_po20	omeprazole	plasma	HPLC	Fig4_concentration_po_20_day_1	6.0	hr	0.049228374			micromol/l
Cederberg1992	all	9	concentration	OME_po20	omeprazole	plasma	HPLC	Fig4_concentration_po_20_day_1	6.998373	hr	0.031182736			micromol/l
Cederberg1992	all	9	concentration	OME_po20	omeprazole	plasma	HPLC	Fig4_concentration_po_20_day_1	8.0	hr	0.0131370975			micromol/l
