study	group	count	measurement_type	interventions	substance	tissue	method	label	time	time_unit	mean	mean_se	mean_sd	mean_unit
Cederberg1992	all	9	concentration	OME_iv40_multi	omeprazole	plasma	HPLC	Fig4_concentration_iv_40_day_5	3.501278e-05	hr	0.0			micromol/l
Cederberg1992	all	9	concentration	OME_iv40_multi	omeprazole	plasma	HPLC	Fig4_concentration_iv_40_day_5	0.1	hr	10.4889			micromol/l
Cederberg1992	all	9	concentration	OME_iv40_multi	omeprazole	plasma	HPLC	Fig4_concentration_iv_40_day_5	0.25	hr	5.5787582			micromol/l
Cederberg1992	all	9	concentration	OME_iv40_multi	omeprazole	plasma	HPLC	Fig4_concentration_iv_40_day_5	0.4	hr	4.336076			micromol/l
Cederberg1992	all	9	concentration	OME_iv40_multi	omeprazole	plasma	HPLC	Fig4_concentration_iv_40_day_5	0.6	hr	3.4978797			micromol/l
Cederberg1992	all	9	concentration	OME_iv40_multi	omeprazole	plasma	HPLC	Fig4_concentration_iv_40_day_5	0.85	hr	3.009111			micromol/l
Cederberg1992	all	9	concentration	OME_iv40_multi	omeprazole	plasma	HPLC	Fig4_concentration_iv_40_day_5	1.1	hr	2.3855128			micromol/l
Cederberg1992	all	9	concentration	OME_iv40_multi	omeprazole	plasma	HPLC	Fig4_concentration_iv_40_day_5	1.6	hr	1.9204378			micromol/l
Cederberg1992	all	9	concentration	OME_iv40_multi	omeprazole	plasma	HPLC	Fig4_concentration_iv_40_day_5	2.1	hr	1.185479			micromol/l
Cederberg1992	all	9	concentration	OME_iv40_multi	omeprazole	plasma	HPLC	Fig4_concentration_iv_40_day_5	3.1	hr	0.5788053			micromol/l
Cederberg1992	all	9	concentration	OME_iv40_multi	omeprazole	plasma	HPLC	Fig4_concentration_iv_40_day_5	4.1	hr	0.40369698			micromol/l
