study	group	count	measurement_type	interventions	substance	tissue	method	label	time	time_unit	mean	mean_se	mean_sd	mean_unit
Cederberg1992	all	9	concentration	OME_iv10	omeprazole	plasma	HPLC	Fig4_concentration_iv_10_day_1	3.501278e-05	hr	0.000112827554			micromol/l
Cederberg1992	all	9	concentration	OME_iv10	omeprazole	plasma	HPLC	Fig4_concentration_iv_10_day_1	0.1	hr	2.4259052			micromol/l
Cederberg1992	all	9	concentration	OME_iv10	omeprazole	plasma	HPLC	Fig4_concentration_iv_10_day_1	0.25	hr	0.9406433			micromol/l
Cederberg1992	all	9	concentration	OME_iv10	omeprazole	plasma	HPLC	Fig4_concentration_iv_10_day_1	0.4	hr	0.6956947			micromol/l
Cederberg1992	all	9	concentration	OME_iv10	omeprazole	plasma	HPLC	Fig4_concentration_iv_10_day_1	0.6	hr	0.50467765			micromol/l
Cederberg1992	all	9	concentration	OME_iv10	omeprazole	plasma	HPLC	Fig4_concentration_iv_10_day_1	0.85	hr	0.2854537			micromol/l
Cederberg1992	all	9	concentration	OME_iv10	omeprazole	plasma	HPLC	Fig4_concentration_iv_10_day_1	1.1	hr	0.20128435			micromol/l
Cederberg1992	all	9	concentration	OME_iv10	omeprazole	plasma	HPLC	Fig4_concentration_iv_10_day_1	1.6	hr	0.08676439			micromol/l
Cederberg1992	all	9	concentration	OME_iv10	omeprazole	plasma	HPLC	Fig4_concentration_iv_10_day_1	2.1	hr	0.0			micromol/l
Cederberg1992	all	9	concentration	OME_iv10	omeprazole	plasma	HPLC	Fig4_concentration_iv_10_day_1	3.1	hr	0.0			micromol/l
Cederberg1992	all	9	concentration	OME_iv10	omeprazole	plasma	HPLC	Fig4_concentration_iv_10_day_1	4.1	hr	0.0			micromol/l
