{
  "experiment_id": "Cederberg1992",
  "base_path": "/home/mkoenig/git/pkdb_models/pkdb_models/models/omeprazole",
  "data_path": "[PosixPath('/home/mkoenig/git/pkdb_data/studies/omeprazole')]",
  "models": {
    "model": {
      "sid": null,
      "name": null,
      "language": "SBML",
      "language_type": "SBML",
      "source": {
        "source": "/home/mkoenig/git/pkdb_models/pkdb_models/models/omeprazole/models/results/omeprazole_body_flat.xml",
        "path": "/home/mkoenig/git/pkdb_models/pkdb_models/models/omeprazole/models/results/omeprazole_body_flat.xml",
        "content": "None"
      },
      "changes": {}
    }
  },
  "tasks": {
    "task_iv10": {
      "model": "model",
      "simulation": "iv10"
    },
    "task_iv10_multi": {
      "model": "model",
      "simulation": "iv10_multi"
    },
    "task_iv40": {
      "model": "model",
      "simulation": "iv40"
    },
    "task_iv40_multi": {
      "model": "model",
      "simulation": "iv40_multi"
    },
    "task_po20": {
      "model": "model",
      "simulation": "po20"
    },
    "task_po20_multi": {
      "model": "model",
      "simulation": "po20_multi"
    }
  },
  "simulations": {
    "iv10": {
      "type": "TimecourseSim",
      "selections": null,
      "reset": true,
      "time_offset": 0.0,
      "timecourses": [
        {
          "start": 0,
          "end": 480,
          "steps": 400,
          "changes": {
            "IVDOSE_ome": {
              "_magnitude": 10,
              "_units": "milligram",
              "_Quantity__used": false,
              "_Quantity__handling": null
            },
            "Ka_dis_ome": {
              "_magnitude": 1.7526382318300215,
              "_units": "per_hr",
              "_Quantity__used": false,
              "_Quantity__handling": null
            },
            "Ka_abs_ome": {
              "_magnitude": 1.8362349711832047,
              "_units": "per_hr",
              "_Quantity__used": false,
              "_Quantity__handling": null
            },
            "F_ome_solution": {
              "_magnitude": 1,
              "_units": "dimensionless",
              "_Quantity__used": false,
              "_Quantity__handling": null
            }
          },
          "model_changes": {},
          "model_manipulations": {},
          "discard": false
        }
      ]
    },
    "iv10_multi": {
      "type": "TimecourseSim",
      "selections": null,
      "reset": true,
      "time_offset": -5760,
      "timecourses": [
        {
          "start": 0,
          "end": 1440,
          "steps": 400,
          "changes": {
            "Ka_dis_ome": {
              "_magnitude": 1.7526382318300215,
              "_units": "per_hr",
              "_Quantity__used": false,
              "_Quantity__handling": null
            },
            "Ka_abs_ome": {
              "_magnitude": 1.8362349711832047,
              "_units": "per_hr",
              "_Quantity__used": false,
              "_Quantity__handling": null
            },
            "F_ome_solution": {
              "_magnitude": 1,
              "_units": "dimensionless",
              "_Quantity__used": false,
              "_Quantity__handling": null
            }
          },
          "model_changes": {},
          "model_manipulations": {},
          "discard": false
        },
        {
          "start": 0,
          "end": 1440,
          "steps": 400,
          "changes": {
            "IVDOSE_ome": {
              "_magnitude": 10,
              "_units": "milligram",
              "_Quantity__used": false,
              "_Quantity__handling": null
            }
          },
          "model_changes": {},
          "model_manipulations": {},
          "discard": false
        },
        {
          "start": 0,
          "end": 1440,
          "steps": 400,
          "changes": {
            "IVDOSE_ome": {
              "_magnitude": 10,
              "_units": "milligram",
              "_Quantity__used": false,
              "_Quantity__handling": null
            }
          },
          "model_changes": {},
          "model_manipulations": {},
          "discard": false
        },
        {
          "start": 0,
          "end": 1440,
          "steps": 400,
          "changes": {
            "IVDOSE_ome": {
              "_magnitude": 10,
              "_units": "milligram",
              "_Quantity__used": false,
              "_Quantity__handling": null
            }
          },
          "model_changes": {},
          "model_manipulations": {},
          "discard": false
        },
        {
          "start": 0,
          "end": 480,
          "steps": 400,
          "changes": {
            "IVDOSE_ome": {
              "_magnitude": 10,
              "_units": "milligram",
              "_Quantity__used": false,
              "_Quantity__handling": null
            }
          },
          "model_changes": {},
          "model_manipulations": {},
          "discard": false
        }
      ]
    },
    "iv40": {
      "type": "TimecourseSim",
      "selections": null,
      "reset": true,
      "time_offset": 0.0,
      "timecourses": [
        {
          "start": 0,
          "end": 480,
          "steps": 400,
          "changes": {
            "IVDOSE_ome": {
              "_magnitude": 40,
              "_units": "milligram",
              "_Quantity__used": false,
              "_Quantity__handling": null
            },
            "Ka_dis_ome": {
              "_magnitude": 1.7526382318300215,
              "_units": "per_hr",
              "_Quantity__used": false,
              "_Quantity__handling": null
            },
            "Ka_abs_ome": {
              "_magnitude": 1.8362349711832047,
              "_units": "per_hr",
              "_Quantity__used": false,
              "_Quantity__handling": null
            },
            "F_ome_solution": {
              "_magnitude": 1,
              "_units": "dimensionless",
              "_Quantity__used": false,
              "_Quantity__handling": null
            }
          },
          "model_changes": {},
          "model_manipulations": {},
          "discard": false
        }
      ]
    },
    "iv40_multi": {
      "type": "TimecourseSim",
      "selections": null,
      "reset": true,
      "time_offset": -5760,
      "timecourses": [
        {
          "start": 0,
          "end": 1440,
          "steps": 400,
          "changes": {
            "Ka_dis_ome": {
              "_magnitude": 1.7526382318300215,
              "_units": "per_hr",
              "_Quantity__used": false,
              "_Quantity__handling": null
            },
            "Ka_abs_ome": {
              "_magnitude": 1.8362349711832047,
              "_units": "per_hr",
              "_Quantity__used": false,
              "_Quantity__handling": null
            },
            "F_ome_solution": {
              "_magnitude": 1,
              "_units": "dimensionless",
              "_Quantity__used": false,
              "_Quantity__handling": null
            }
          },
          "model_changes": {},
          "model_manipulations": {},
          "discard": false
        },
        {
          "start": 0,
          "end": 1440,
          "steps": 400,
          "changes": {
            "IVDOSE_ome": {
              "_magnitude": 40,
              "_units": "milligram",
              "_Quantity__used": false,
              "_Quantity__handling": null
            }
          },
          "model_changes": {},
          "model_manipulations": {},
          "discard": false
        },
        {
          "start": 0,
          "end": 1440,
          "steps": 400,
          "changes": {
            "IVDOSE_ome": {
              "_magnitude": 40,
              "_units": "milligram",
              "_Quantity__used": false,
              "_Quantity__handling": null
            }
          },
          "model_changes": {},
          "model_manipulations": {},
          "discard": false
        },
        {
          "start": 0,
          "end": 1440,
          "steps": 400,
          "changes": {
            "IVDOSE_ome": {
              "_magnitude": 40,
              "_units": "milligram",
              "_Quantity__used": false,
              "_Quantity__handling": null
            }
          },
          "model_changes": {},
          "model_manipulations": {},
          "discard": false
        },
        {
          "start": 0,
          "end": 480,
          "steps": 400,
          "changes": {
            "IVDOSE_ome": {
              "_magnitude": 40,
              "_units": "milligram",
              "_Quantity__used": false,
              "_Quantity__handling": null
            }
          },
          "model_changes": {},
          "model_manipulations": {},
          "discard": false
        }
      ]
    },
    "po20": {
      "type": "TimecourseSim",
      "selections": null,
      "reset": true,
      "time_offset": 0.0,
      "timecourses": [
        {
          "start": 0,
          "end": 480,
          "steps": 400,
          "changes": {
            "PODOSE_ome": {
              "_magnitude": 20,
              "_units": "milligram",
              "_Quantity__used": false,
              "_Quantity__handling": null
            },
            "Ka_dis_ome": {
              "_magnitude": 1.7526382318300215,
              "_units": "per_hr",
              "_Quantity__used": false,
              "_Quantity__handling": null
            },
            "Ka_abs_ome": {
              "_magnitude": 1.8362349711832047,
              "_units": "per_hr",
              "_Quantity__used": false,
              "_Quantity__handling": null
            },
            "F_ome_solution": {
              "_magnitude": 1,
              "_units": "dimensionless",
              "_Quantity__used": false,
              "_Quantity__handling": null
            }
          },
          "model_changes": {},
          "model_manipulations": {},
          "discard": false
        }
      ]
    },
    "po20_multi": {
      "type": "TimecourseSim",
      "selections": null,
      "reset": true,
      "time_offset": -5760,
      "timecourses": [
        {
          "start": 0,
          "end": 1440,
          "steps": 400,
          "changes": {
            "Ka_dis_ome": {
              "_magnitude": 1.7526382318300215,
              "_units": "per_hr",
              "_Quantity__used": false,
              "_Quantity__handling": null
            },
            "Ka_abs_ome": {
              "_magnitude": 1.8362349711832047,
              "_units": "per_hr",
              "_Quantity__used": false,
              "_Quantity__handling": null
            },
            "F_ome_solution": {
              "_magnitude": 1,
              "_units": "dimensionless",
              "_Quantity__used": false,
              "_Quantity__handling": null
            }
          },
          "model_changes": {},
          "model_manipulations": {},
          "discard": false
        },
        {
          "start": 0,
          "end": 1440,
          "steps": 400,
          "changes": {
            "PODOSE_ome": {
              "_magnitude": 20,
              "_units": "milligram",
              "_Quantity__used": false,
              "_Quantity__handling": null
            }
          },
          "model_changes": {},
          "model_manipulations": {},
          "discard": false
        },
        {
          "start": 0,
          "end": 1440,
          "steps": 400,
          "changes": {
            "PODOSE_ome": {
              "_magnitude": 20,
              "_units": "milligram",
              "_Quantity__used": false,
              "_Quantity__handling": null
            }
          },
          "model_changes": {},
          "model_manipulations": {},
          "discard": false
        },
        {
          "start": 0,
          "end": 1440,
          "steps": 400,
          "changes": {
            "PODOSE_ome": {
              "_magnitude": 20,
              "_units": "milligram",
              "_Quantity__used": false,
              "_Quantity__handling": null
            }
          },
          "model_changes": {},
          "model_manipulations": {},
          "discard": false
        },
        {
          "start": 0,
          "end": 480,
          "steps": 400,
          "changes": {
            "PODOSE_ome": {
              "_magnitude": 20,
              "_units": "milligram",
              "_Quantity__used": false,
              "_Quantity__handling": null
            }
          },
          "model_changes": {},
          "model_manipulations": {},
          "discard": false
        }
      ]
    }
  },
  "data": {
    "task_iv10__time": {
      "type": "TASK",
      "index": "time",
      "unit": null,
      "task": "task_iv10",
      "dataset": null,
      "function": null,
      "variables": null
    },
    "task_iv10__IVDOSE_ome": {
      "type": "TASK",
      "index": "IVDOSE_ome",
      "unit": null,
      "task": "task_iv10",
      "dataset": null,
      "function": null,
      "variables": null
    },
    "task_iv10__Cve_ome": {
      "type": "TASK",
      "index": "Cve_ome",
      "unit": null,
      "task": "task_iv10",
      "dataset": null,
      "function": null,
      "variables": null
    },
    "task_iv10__Car_ome": {
      "type": "TASK",
      "index": "Car_ome",
      "unit": null,
      "task": "task_iv10",
      "dataset": null,
      "function": null,
      "variables": null
    },
    "task_iv10__LI__ome": {
      "type": "TASK",
      "index": "LI__ome",
      "unit": null,
      "task": "task_iv10",
      "dataset": null,
      "function": null,
      "variables": null
    },
    "task_iv10__Cve_omemets": {
      "type": "TASK",
      "index": "Cve_omemets",
      "unit": null,
      "task": "task_iv10",
      "dataset": null,
      "function": null,
      "variables": null
    },
    "task_iv10__Car_omemets": {
      "type": "TASK",
      "index": "Car_omemets",
      "unit": null,
      "task": "task_iv10",
      "dataset": null,
      "function": null,
      "variables": null
    },
    "task_iv10__LI__omemets": {
      "type": "TASK",
      "index": "LI__omemets",
      "unit": null,
      "task": "task_iv10",
      "dataset": null,
      "function": null,
      "variables": null
    },
    "task_iv10__KI__omemets_urine": {
      "type": "TASK",
      "index": "KI__omemets_urine",
      "unit": null,
      "task": "task_iv10",
      "dataset": null,
      "function": null,
      "variables": null
    },
    "task_iv10__pH": {
      "type": "TASK",
      "index": "pH",
      "unit": null,
      "task": "task_iv10",
      "dataset": null,
      "function": null,
      "variables": null
    },
    "task_iv10__ST__pp_rate": {
      "type": "TASK",
      "index": "ST__pp_rate",
      "unit": null,
      "task": "task_iv10",
      "dataset": null,
      "function": null,
      "variables": null
    },
    "task_iv10__ST__gacid_loss": {
      "type": "TASK",
      "index": "ST__gacid_loss",
      "unit": null,
      "task": "task_iv10",
      "dataset": null,
      "function": null,
      "variables": null
    },
    "task_iv10__ST__protons_stomach": {
      "type": "TASK",
      "index": "ST__protons_stomach",
      "unit": null,
      "task": "task_iv10",
      "dataset": null,
      "function": null,
      "variables": null
    },
    "task_iv10__ST__pp_active": {
      "type": "TASK",
      "index": "ST__pp_active",
      "unit": null,
      "task": "task_iv10",
      "dataset": null,
      "function": null,
      "variables": null
    },
    "task_iv10__ST__pp_inactive": {
      "type": "TASK",
      "index": "ST__pp_inactive",
      "unit": null,
      "task": "task_iv10",
      "dataset": null,
      "function": null,
      "variables": null
    },
    "task_iv10__ST__pp_total": {
      "type": "TASK",
      "index": "ST__pp_total",
      "unit": null,
      "task": "task_iv10",
      "dataset": null,
      "function": null,
      "variables": null
    },
    "task_iv10__ST__pp_synthesis": {
      "type": "TASK",
      "index": "ST__pp_synthesis",
      "unit": null,
      "task": "task_iv10",
      "dataset": null,
      "function": null,
      "variables": null
    },
    "task_iv10__ST__pp_active_degradation": {
      "type": "TASK",
      "index": "ST__pp_active_degradation",
      "unit": null,
      "task": "task_iv10",
      "dataset": null,
      "function": null,
      "variables": null
    },
    "task_iv10__ST__pp_inactive_degradation": {
      "type": "TASK",
      "index": "ST__pp_inactive_degradation",
      "unit": null,
      "task": "task_iv10",
      "dataset": null,
      "function": null,
      "variables": null
    },
    "task_iv10__F_ome_pH": {
      "type": "TASK",
      "index": "F_ome_pH",
      "unit": null,
      "task": "task_iv10",
      "dataset": null,
      "function": null,
      "variables": null
    },
    "task_iv10__F_ome_pH2": {
      "type": "TASK",
      "index": "F_ome_pH2",
      "unit": null,
      "task": "task_iv10",
      "dataset": null,
      "function": null,
      "variables": null
    },
    "task_iv10__F_ome_pH6": {
      "type": "TASK",
      "index": "F_ome_pH6",
      "unit": null,
      "task": "task_iv10",
      "dataset": null,
      "function": null,
      "variables": null
    },
    "task_iv10_multi__time": {
      "type": "TASK",
      "index": "time",
      "unit": null,
      "task": "task_iv10_multi",
      "dataset": null,
      "function": null,
      "variables": null
    },
    "task_iv10_multi__IVDOSE_ome": {
      "type": "TASK",
      "index": "IVDOSE_ome",
      "unit": null,
      "task": "task_iv10_multi",
      "dataset": null,
      "function": null,
      "variables": null
    },
    "task_iv10_multi__Cve_ome": {
      "type": "TASK",
      "index": "Cve_ome",
      "unit": null,
      "task": "task_iv10_multi",
      "dataset": null,
      "function": null,
      "variables": null
    },
    "task_iv10_multi__Car_ome": {
      "type": "TASK",
      "index": "Car_ome",
      "unit": null,
      "task": "task_iv10_multi",
      "dataset": null,
      "function": null,
      "variables": null
    },
    "task_iv10_multi__LI__ome": {
      "type": "TASK",
      "index": "LI__ome",
      "unit": null,
      "task": "task_iv10_multi",
      "dataset": null,
      "function": null,
      "variables": null
    },
    "task_iv10_multi__Cve_omemets": {
      "type": "TASK",
      "index": "Cve_omemets",
      "unit": null,
      "task": "task_iv10_multi",
      "dataset": null,
      "function": null,
      "variables": null
    },
    "task_iv10_multi__Car_omemets": {
      "type": "TASK",
      "index": "Car_omemets",
      "unit": null,
      "task": "task_iv10_multi",
      "dataset": null,
      "function": null,
      "variables": null
    },
    "task_iv10_multi__LI__omemets": {
      "type": "TASK",
      "index": "LI__omemets",
      "unit": null,
      "task": "task_iv10_multi",
      "dataset": null,
      "function": null,
      "variables": null
    },
    "task_iv10_multi__KI__omemets_urine": {
      "type": "TASK",
      "index": "KI__omemets_urine",
      "unit": null,
      "task": "task_iv10_multi",
      "dataset": null,
      "function": null,
      "variables": null
    },
    "task_iv10_multi__pH": {
      "type": "TASK",
      "index": "pH",
      "unit": null,
      "task": "task_iv10_multi",
      "dataset": null,
      "function": null,
      "variables": null
    },
    "task_iv10_multi__ST__pp_rate": {
      "type": "TASK",
      "index": "ST__pp_rate",
      "unit": null,
      "task": "task_iv10_multi",
      "dataset": null,
      "function": null,
      "variables": null
    },
    "task_iv10_multi__ST__gacid_loss": {
      "type": "TASK",
      "index": "ST__gacid_loss",
      "unit": null,
      "task": "task_iv10_multi",
      "dataset": null,
      "function": null,
      "variables": null
    },
    "task_iv10_multi__ST__protons_stomach": {
      "type": "TASK",
      "index": "ST__protons_stomach",
      "unit": null,
      "task": "task_iv10_multi",
      "dataset": null,
      "function": null,
      "variables": null
    },
    "task_iv10_multi__ST__pp_active": {
      "type": "TASK",
      "index": "ST__pp_active",
      "unit": null,
      "task": "task_iv10_multi",
      "dataset": null,
      "function": null,
      "variables": null
    },
    "task_iv10_multi__ST__pp_inactive": {
      "type": "TASK",
      "index": "ST__pp_inactive",
      "unit": null,
      "task": "task_iv10_multi",
      "dataset": null,
      "function": null,
      "variables": null
    },
    "task_iv10_multi__ST__pp_total": {
      "type": "TASK",
      "index": "ST__pp_total",
      "unit": null,
      "task": "task_iv10_multi",
      "dataset": null,
      "function": null,
      "variables": null
    },
    "task_iv10_multi__ST__pp_synthesis": {
      "type": "TASK",
      "index": "ST__pp_synthesis",
      "unit": null,
      "task": "task_iv10_multi",
      "dataset": null,
      "function": null,
      "variables": null
    },
    "task_iv10_multi__ST__pp_active_degradation": {
      "type": "TASK",
      "index": "ST__pp_active_degradation",
      "unit": null,
      "task": "task_iv10_multi",
      "dataset": null,
      "function": null,
      "variables": null
    },
    "task_iv10_multi__ST__pp_inactive_degradation": {
      "type": "TASK",
      "index": "ST__pp_inactive_degradation",
      "unit": null,
      "task": "task_iv10_multi",
      "dataset": null,
      "function": null,
      "variables": null
    },
    "task_iv10_multi__F_ome_pH": {
      "type": "TASK",
      "index": "F_ome_pH",
      "unit": null,
      "task": "task_iv10_multi",
      "dataset": null,
      "function": null,
      "variables": null
    },
    "task_iv10_multi__F_ome_pH2": {
      "type": "TASK",
      "index": "F_ome_pH2",
      "unit": null,
      "task": "task_iv10_multi",
      "dataset": null,
      "function": null,
      "variables": null
    },
    "task_iv10_multi__F_ome_pH6": {
      "type": "TASK",
      "index": "F_ome_pH6",
      "unit": null,
      "task": "task_iv10_multi",
      "dataset": null,
      "function": null,
      "variables": null
    },
    "task_iv40__time": {
      "type": "TASK",
      "index": "time",
      "unit": null,
      "task": "task_iv40",
      "dataset": null,
      "function": null,
      "variables": null
    },
    "task_iv40__IVDOSE_ome": {
      "type": "TASK",
      "index": "IVDOSE_ome",
      "unit": null,
      "task": "task_iv40",
      "dataset": null,
      "function": null,
      "variables": null
    },
    "task_iv40__Cve_ome": {
      "type": "TASK",
      "index": "Cve_ome",
      "unit": null,
      "task": "task_iv40",
      "dataset": null,
      "function": null,
      "variables": null
    },
    "task_iv40__Car_ome": {
      "type": "TASK",
      "index": "Car_ome",
      "unit": null,
      "task": "task_iv40",
      "dataset": null,
      "function": null,
      "variables": null
    },
    "task_iv40__LI__ome": {
      "type": "TASK",
      "index": "LI__ome",
      "unit": null,
      "task": "task_iv40",
      "dataset": null,
      "function": null,
      "variables": null
    },
    "task_iv40__Cve_omemets": {
      "type": "TASK",
      "index": "Cve_omemets",
      "unit": null,
      "task": "task_iv40",
      "dataset": null,
      "function": null,
      "variables": null
    },
    "task_iv40__Car_omemets": {
      "type": "TASK",
      "index": "Car_omemets",
      "unit": null,
      "task": "task_iv40",
      "dataset": null,
      "function": null,
      "variables": null
    },
    "task_iv40__LI__omemets": {
      "type": "TASK",
      "index": "LI__omemets",
      "unit": null,
      "task": "task_iv40",
      "dataset": null,
      "function": null,
      "variables": null
    },
    "task_iv40__KI__omemets_urine": {
      "type": "TASK",
      "index": "KI__omemets_urine",
      "unit": null,
      "task": "task_iv40",
      "dataset": null,
      "function": null,
      "variables": null
    },
    "task_iv40__pH": {
      "type": "TASK",
      "index": "pH",
      "unit": null,
      "task": "task_iv40",
      "dataset": null,
      "function": null,
      "variables": null
    },
    "task_iv40__ST__pp_rate": {
      "type": "TASK",
      "index": "ST__pp_rate",
      "unit": null,
      "task": "task_iv40",
      "dataset": null,
      "function": null,
      "variables": null
    },
    "task_iv40__ST__gacid_loss": {
      "type": "TASK",
      "index": "ST__gacid_loss",
      "unit": null,
      "task": "task_iv40",
      "dataset": null,
      "function": null,
      "variables": null
    },
    "task_iv40__ST__protons_stomach": {
      "type": "TASK",
      "index": "ST__protons_stomach",
      "unit": null,
      "task": "task_iv40",
      "dataset": null,
      "function": null,
      "variables": null
    },
    "task_iv40__ST__pp_active": {
      "type": "TASK",
      "index": "ST__pp_active",
      "unit": null,
      "task": "task_iv40",
      "dataset": null,
      "function": null,
      "variables": null
    },
    "task_iv40__ST__pp_inactive": {
      "type": "TASK",
      "index": "ST__pp_inactive",
      "unit": null,
      "task": "task_iv40",
      "dataset": null,
      "function": null,
      "variables": null
    },
    "task_iv40__ST__pp_total": {
      "type": "TASK",
      "index": "ST__pp_total",
      "unit": null,
      "task": "task_iv40",
      "dataset": null,
      "function": null,
      "variables": null
    },
    "task_iv40__ST__pp_synthesis": {
      "type": "TASK",
      "index": "ST__pp_synthesis",
      "unit": null,
      "task": "task_iv40",
      "dataset": null,
      "function": null,
      "variables": null
    },
    "task_iv40__ST__pp_active_degradation": {
      "type": "TASK",
      "index": "ST__pp_active_degradation",
      "unit": null,
      "task": "task_iv40",
      "dataset": null,
      "function": null,
      "variables": null
    },
    "task_iv40__ST__pp_inactive_degradation": {
      "type": "TASK",
      "index": "ST__pp_inactive_degradation",
      "unit": null,
      "task": "task_iv40",
      "dataset": null,
      "function": null,
      "variables": null
    },
    "task_iv40__F_ome_pH": {
      "type": "TASK",
      "index": "F_ome_pH",
      "unit": null,
      "task": "task_iv40",
      "dataset": null,
      "function": null,
      "variables": null
    },
    "task_iv40__F_ome_pH2": {
      "type": "TASK",
      "index": "F_ome_pH2",
      "unit": null,
      "task": "task_iv40",
      "dataset": null,
      "function": null,
      "variables": null
    },
    "task_iv40__F_ome_pH6": {
      "type": "TASK",
      "index": "F_ome_pH6",
      "unit": null,
      "task": "task_iv40",
      "dataset": null,
      "function": null,
      "variables": null
    },
    "task_iv40_multi__time": {
      "type": "TASK",
      "index": "time",
      "unit": null,
      "task": "task_iv40_multi",
      "dataset": null,
      "function": null,
      "variables": null
    },
    "task_iv40_multi__IVDOSE_ome": {
      "type": "TASK",
      "index": "IVDOSE_ome",
      "unit": null,
      "task": "task_iv40_multi",
      "dataset": null,
      "function": null,
      "variables": null
    },
    "task_iv40_multi__Cve_ome": {
      "type": "TASK",
      "index": "Cve_ome",
      "unit": null,
      "task": "task_iv40_multi",
      "dataset": null,
      "function": null,
      "variables": null
    },
    "task_iv40_multi__Car_ome": {
      "type": "TASK",
      "index": "Car_ome",
      "unit": null,
      "task": "task_iv40_multi",
      "dataset": null,
      "function": null,
      "variables": null
    },
    "task_iv40_multi__LI__ome": {
      "type": "TASK",
      "index": "LI__ome",
      "unit": null,
      "task": "task_iv40_multi",
      "dataset": null,
      "function": null,
      "variables": null
    },
    "task_iv40_multi__Cve_omemets": {
      "type": "TASK",
      "index": "Cve_omemets",
      "unit": null,
      "task": "task_iv40_multi",
      "dataset": null,
      "function": null,
      "variables": null
    },
    "task_iv40_multi__Car_omemets": {
      "type": "TASK",
      "index": "Car_omemets",
      "unit": null,
      "task": "task_iv40_multi",
      "dataset": null,
      "function": null,
      "variables": null
    },
    "task_iv40_multi__LI__omemets": {
      "type": "TASK",
      "index": "LI__omemets",
      "unit": null,
      "task": "task_iv40_multi",
      "dataset": null,
      "function": null,
      "variables": null
    },
    "task_iv40_multi__KI__omemets_urine": {
      "type": "TASK",
      "index": "KI__omemets_urine",
      "unit": null,
      "task": "task_iv40_multi",
      "dataset": null,
      "function": null,
      "variables": null
    },
    "task_iv40_multi__pH": {
      "type": "TASK",
      "index": "pH",
      "unit": null,
      "task": "task_iv40_multi",
      "dataset": null,
      "function": null,
      "variables": null
    },
    "task_iv40_multi__ST__pp_rate": {
      "type": "TASK",
      "index": "ST__pp_rate",
      "unit": null,
      "task": "task_iv40_multi",
      "dataset": null,
      "function": null,
      "variables": null
    },
    "task_iv40_multi__ST__gacid_loss": {
      "type": "TASK",
      "index": "ST__gacid_loss",
      "unit": null,
      "task": "task_iv40_multi",
      "dataset": null,
      "function": null,
      "variables": null
    },
    "task_iv40_multi__ST__protons_stomach": {
      "type": "TASK",
      "index": "ST__protons_stomach",
      "unit": null,
      "task": "task_iv40_multi",
      "dataset": null,
      "function": null,
      "variables": null
    },
    "task_iv40_multi__ST__pp_active": {
      "type": "TASK",
      "index": "ST__pp_active",
      "unit": null,
      "task": "task_iv40_multi",
      "dataset": null,
      "function": null,
      "variables": null
    },
    "task_iv40_multi__ST__pp_inactive": {
      "type": "TASK",
      "index": "ST__pp_inactive",
      "unit": null,
      "task": "task_iv40_multi",
      "dataset": null,
      "function": null,
      "variables": null
    },
    "task_iv40_multi__ST__pp_total": {
      "type": "TASK",
      "index": "ST__pp_total",
      "unit": null,
      "task": "task_iv40_multi",
      "dataset": null,
      "function": null,
      "variables": null
    },
    "task_iv40_multi__ST__pp_synthesis": {
      "type": "TASK",
      "index": "ST__pp_synthesis",
      "unit": null,
      "task": "task_iv40_multi",
      "dataset": null,
      "function": null,
      "variables": null
    },
    "task_iv40_multi__ST__pp_active_degradation": {
      "type": "TASK",
      "index": "ST__pp_active_degradation",
      "unit": null,
      "task": "task_iv40_multi",
      "dataset": null,
      "function": null,
      "variables": null
    },
    "task_iv40_multi__ST__pp_inactive_degradation": {
      "type": "TASK",
      "index": "ST__pp_inactive_degradation",
      "unit": null,
      "task": "task_iv40_multi",
      "dataset": null,
      "function": null,
      "variables": null
    },
    "task_iv40_multi__F_ome_pH": {
      "type": "TASK",
      "index": "F_ome_pH",
      "unit": null,
      "task": "task_iv40_multi",
      "dataset": null,
      "function": null,
      "variables": null
    },
    "task_iv40_multi__F_ome_pH2": {
      "type": "TASK",
      "index": "F_ome_pH2",
      "unit": null,
      "task": "task_iv40_multi",
      "dataset": null,
      "function": null,
      "variables": null
    },
    "task_iv40_multi__F_ome_pH6": {
      "type": "TASK",
      "index": "F_ome_pH6",
      "unit": null,
      "task": "task_iv40_multi",
      "dataset": null,
      "function": null,
      "variables": null
    },
    "task_po20__time": {
      "type": "TASK",
      "index": "time",
      "unit": null,
      "task": "task_po20",
      "dataset": null,
      "function": null,
      "variables": null
    },
    "task_po20__IVDOSE_ome": {
      "type": "TASK",
      "index": "IVDOSE_ome",
      "unit": null,
      "task": "task_po20",
      "dataset": null,
      "function": null,
      "variables": null
    },
    "task_po20__Cve_ome": {
      "type": "TASK",
      "index": "Cve_ome",
      "unit": null,
      "task": "task_po20",
      "dataset": null,
      "function": null,
      "variables": null
    },
    "task_po20__Car_ome": {
      "type": "TASK",
      "index": "Car_ome",
      "unit": null,
      "task": "task_po20",
      "dataset": null,
      "function": null,
      "variables": null
    },
    "task_po20__LI__ome": {
      "type": "TASK",
      "index": "LI__ome",
      "unit": null,
      "task": "task_po20",
      "dataset": null,
      "function": null,
      "variables": null
    },
    "task_po20__Cve_omemets": {
      "type": "TASK",
      "index": "Cve_omemets",
      "unit": null,
      "task": "task_po20",
      "dataset": null,
      "function": null,
      "variables": null
    },
    "task_po20__Car_omemets": {
      "type": "TASK",
      "index": "Car_omemets",
      "unit": null,
      "task": "task_po20",
      "dataset": null,
      "function": null,
      "variables": null
    },
    "task_po20__LI__omemets": {
      "type": "TASK",
      "index": "LI__omemets",
      "unit": null,
      "task": "task_po20",
      "dataset": null,
      "function": null,
      "variables": null
    },
    "task_po20__KI__omemets_urine": {
      "type": "TASK",
      "index": "KI__omemets_urine",
      "unit": null,
      "task": "task_po20",
      "dataset": null,
      "function": null,
      "variables": null
    },
    "task_po20__pH": {
      "type": "TASK",
      "index": "pH",
      "unit": null,
      "task": "task_po20",
      "dataset": null,
      "function": null,
      "variables": null
    },
    "task_po20__ST__pp_rate": {
      "type": "TASK",
      "index": "ST__pp_rate",
      "unit": null,
      "task": "task_po20",
      "dataset": null,
      "function": null,
      "variables": null
    },
    "task_po20__ST__gacid_loss": {
      "type": "TASK",
      "index": "ST__gacid_loss",
      "unit": null,
      "task": "task_po20",
      "dataset": null,
      "function": null,
      "variables": null
    },
    "task_po20__ST__protons_stomach": {
      "type": "TASK",
      "index": "ST__protons_stomach",
      "unit": null,
      "task": "task_po20",
      "dataset": null,
      "function": null,
      "variables": null
    },
    "task_po20__ST__pp_active": {
      "type": "TASK",
      "index": "ST__pp_active",
      "unit": null,
      "task": "task_po20",
      "dataset": null,
      "function": null,
      "variables": null
    },
    "task_po20__ST__pp_inactive": {
      "type": "TASK",
      "index": "ST__pp_inactive",
      "unit": null,
      "task": "task_po20",
      "dataset": null,
      "function": null,
      "variables": null
    },
    "task_po20__ST__pp_total": {
      "type": "TASK",
      "index": "ST__pp_total",
      "unit": null,
      "task": "task_po20",
      "dataset": null,
      "function": null,
      "variables": null
    },
    "task_po20__ST__pp_synthesis": {
      "type": "TASK",
      "index": "ST__pp_synthesis",
      "unit": null,
      "task": "task_po20",
      "dataset": null,
      "function": null,
      "variables": null
    },
    "task_po20__ST__pp_active_degradation": {
      "type": "TASK",
      "index": "ST__pp_active_degradation",
      "unit": null,
      "task": "task_po20",
      "dataset": null,
      "function": null,
      "variables": null
    },
    "task_po20__ST__pp_inactive_degradation": {
      "type": "TASK",
      "index": "ST__pp_inactive_degradation",
      "unit": null,
      "task": "task_po20",
      "dataset": null,
      "function": null,
      "variables": null
    },
    "task_po20__F_ome_pH": {
      "type": "TASK",
      "index": "F_ome_pH",
      "unit": null,
      "task": "task_po20",
      "dataset": null,
      "function": null,
      "variables": null
    },
    "task_po20__F_ome_pH2": {
      "type": "TASK",
      "index": "F_ome_pH2",
      "unit": null,
      "task": "task_po20",
      "dataset": null,
      "function": null,
      "variables": null
    },
    "task_po20__F_ome_pH6": {
      "type": "TASK",
      "index": "F_ome_pH6",
      "unit": null,
      "task": "task_po20",
      "dataset": null,
      "function": null,
      "variables": null
    },
    "task_po20_multi__time": {
      "type": "TASK",
      "index": "time",
      "unit": null,
      "task": "task_po20_multi",
      "dataset": null,
      "function": null,
      "variables": null
    },
    "task_po20_multi__IVDOSE_ome": {
      "type": "TASK",
      "index": "IVDOSE_ome",
      "unit": null,
      "task": "task_po20_multi",
      "dataset": null,
      "function": null,
      "variables": null
    },
    "task_po20_multi__Cve_ome": {
      "type": "TASK",
      "index": "Cve_ome",
      "unit": null,
      "task": "task_po20_multi",
      "dataset": null,
      "function": null,
      "variables": null
    },
    "task_po20_multi__Car_ome": {
      "type": "TASK",
      "index": "Car_ome",
      "unit": null,
      "task": "task_po20_multi",
      "dataset": null,
      "function": null,
      "variables": null
    },
    "task_po20_multi__LI__ome": {
      "type": "TASK",
      "index": "LI__ome",
      "unit": null,
      "task": "task_po20_multi",
      "dataset": null,
      "function": null,
      "variables": null
    },
    "task_po20_multi__Cve_omemets": {
      "type": "TASK",
      "index": "Cve_omemets",
      "unit": null,
      "task": "task_po20_multi",
      "dataset": null,
      "function": null,
      "variables": null
    },
    "task_po20_multi__Car_omemets": {
      "type": "TASK",
      "index": "Car_omemets",
      "unit": null,
      "task": "task_po20_multi",
      "dataset": null,
      "function": null,
      "variables": null
    },
    "task_po20_multi__LI__omemets": {
      "type": "TASK",
      "index": "LI__omemets",
      "unit": null,
      "task": "task_po20_multi",
      "dataset": null,
      "function": null,
      "variables": null
    },
    "task_po20_multi__KI__omemets_urine": {
      "type": "TASK",
      "index": "KI__omemets_urine",
      "unit": null,
      "task": "task_po20_multi",
      "dataset": null,
      "function": null,
      "variables": null
    },
    "task_po20_multi__pH": {
      "type": "TASK",
      "index": "pH",
      "unit": null,
      "task": "task_po20_multi",
      "dataset": null,
      "function": null,
      "variables": null
    },
    "task_po20_multi__ST__pp_rate": {
      "type": "TASK",
      "index": "ST__pp_rate",
      "unit": null,
      "task": "task_po20_multi",
      "dataset": null,
      "function": null,
      "variables": null
    },
    "task_po20_multi__ST__gacid_loss": {
      "type": "TASK",
      "index": "ST__gacid_loss",
      "unit": null,
      "task": "task_po20_multi",
      "dataset": null,
      "function": null,
      "variables": null
    },
    "task_po20_multi__ST__protons_stomach": {
      "type": "TASK",
      "index": "ST__protons_stomach",
      "unit": null,
      "task": "task_po20_multi",
      "dataset": null,
      "function": null,
      "variables": null
    },
    "task_po20_multi__ST__pp_active": {
      "type": "TASK",
      "index": "ST__pp_active",
      "unit": null,
      "task": "task_po20_multi",
      "dataset": null,
      "function": null,
      "variables": null
    },
    "task_po20_multi__ST__pp_inactive": {
      "type": "TASK",
      "index": "ST__pp_inactive",
      "unit": null,
      "task": "task_po20_multi",
      "dataset": null,
      "function": null,
      "variables": null
    },
    "task_po20_multi__ST__pp_total": {
      "type": "TASK",
      "index": "ST__pp_total",
      "unit": null,
      "task": "task_po20_multi",
      "dataset": null,
      "function": null,
      "variables": null
    },
    "task_po20_multi__ST__pp_synthesis": {
      "type": "TASK",
      "index": "ST__pp_synthesis",
      "unit": null,
      "task": "task_po20_multi",
      "dataset": null,
      "function": null,
      "variables": null
    },
    "task_po20_multi__ST__pp_active_degradation": {
      "type": "TASK",
      "index": "ST__pp_active_degradation",
      "unit": null,
      "task": "task_po20_multi",
      "dataset": null,
      "function": null,
      "variables": null
    },
    "task_po20_multi__ST__pp_inactive_degradation": {
      "type": "TASK",
      "index": "ST__pp_inactive_degradation",
      "unit": null,
      "task": "task_po20_multi",
      "dataset": null,
      "function": null,
      "variables": null
    },
    "task_po20_multi__F_ome_pH": {
      "type": "TASK",
      "index": "F_ome_pH",
      "unit": null,
      "task": "task_po20_multi",
      "dataset": null,
      "function": null,
      "variables": null
    },
    "task_po20_multi__F_ome_pH2": {
      "type": "TASK",
      "index": "F_ome_pH2",
      "unit": null,
      "task": "task_po20_multi",
      "dataset": null,
      "function": null,
      "variables": null
    },
    "task_po20_multi__F_ome_pH6": {
      "type": "TASK",
      "index": "F_ome_pH6",
      "unit": null,
      "task": "task_po20_multi",
      "dataset": null,
      "function": null,
      "variables": null
    }
  },
  "figures": {
    "Fig1B_single": {
      "sid": "Fig1B_single",
      "name": "Cederberg1992",
      "num_rows": 3,
      "num_cols": 1,
      "width": 7.0,
      "height": 15.0,
      "subplots": [
        {
          "sid": null,
          "name": null,
          "plot": {
            "sid": "Fig1B_single__plot0",
            "name": null,
            "xaxis": {
              "sid": "Fig1B_single__plot0_xaxis",
              "name": "time [hr]",
              "label": "time",
              "unit": "hr",
              "scale": "LINEAR",
              "min": null,
              "max": null,
              "grid": false,
              "label_visible": true,
              "ticks_visible": true
            },
            "yaxis": {
              "sid": "Fig1B_single__plot0_yaxis",
              "name": "omeprazole [\u00b5M]",
              "label": "omeprazole",
              "unit": "\u00b5M",
              "scale": "LINEAR",
              "min": null,
              "max": null,
              "grid": false,
              "label_visible": true,
              "ticks_visible": true
            },
            "yaxis_right": null,
            "legend": true,
            "facecolor": "#ffffffff",
            "title_visible": true,
            "curves": [
              {
                "sid": "Fig1B_single__plot0_curve0",
                "name": "sim (iv10)",
                "x": "task_iv10__time",
                "y": "task_iv10__Cve_ome",
                "xerr": null,
                "yerr": null,
                "yaxis_position": null,
                "style": {
                  "sid": null,
                  "name": null,
                  "base_style": null,
                  "line": {
                    "type": "SOLID",
                    "color": "#000000ff",
                    "thickness": 2.0
                  },
                  "marker": {
                    "size": null,
                    "type": "NONE",
                    "fill": "#000000ff",
                    "line_color": null,
                    "line_thickness": null
                  },
                  "fill": {
                    "color": "#000000ff",
                    "second_color": null
                  }
                },
                "order": 0
              },
              {
                "sid": "Fig1B_single__plot0_curve1",
                "name": "data (n=9)",
                "x": "Fig4_omeprazole_OME_iv10__time",
                "y": "Fig4_omeprazole_OME_iv10__mean",
                "xerr": null,
                "yerr": null,
                "yaxis_position": null,
                "style": {
                  "sid": null,
                  "name": null,
                  "base_style": null,
                  "line": {
                    "type": "DASH",
                    "color": "#000000ff",
                    "thickness": 1.0
                  },
                  "marker": {
                    "size": null,
                    "type": "SQUARE",
                    "fill": "#000000ff",
                    "line_color": null,
                    "line_thickness": null
                  },
                  "fill": {
                    "color": "#000000ff",
                    "second_color": null
                  }
                },
                "order": 1
              }
            ],
            "areas": []
          },
          "row": 1,
          "col": 1,
          "row_span": 1,
          "col_span": 1
        },
        {
          "sid": null,
          "name": null,
          "plot": {
            "sid": "Fig1B_single__plot1",
            "name": null,
            "xaxis": {
              "sid": "Fig1B_single__plot1_xaxis",
              "name": "time [hr]",
              "label": "time",
              "unit": "hr",
              "scale": "LINEAR",
              "min": null,
              "max": null,
              "grid": false,
              "label_visible": true,
              "ticks_visible": true
            },
            "yaxis": {
              "sid": "Fig1B_single__plot1_yaxis",
              "name": "omeprazole [\u00b5M]",
              "label": "omeprazole",
              "unit": "\u00b5M",
              "scale": "LINEAR",
              "min": null,
              "max": null,
              "grid": false,
              "label_visible": true,
              "ticks_visible": true
            },
            "yaxis_right": null,
            "legend": true,
            "facecolor": "#ffffffff",
            "title_visible": true,
            "curves": [
              {
                "sid": "Fig1B_single__plot1_curve0",
                "name": "sim (iv40)",
                "x": "task_iv40__time",
                "y": "task_iv40__Cve_ome",
                "xerr": null,
                "yerr": null,
                "yaxis_position": null,
                "style": {
                  "sid": null,
                  "name": null,
                  "base_style": null,
                  "line": {
                    "type": "SOLID",
                    "color": "#696969ff",
                    "thickness": 2.0
                  },
                  "marker": {
                    "size": null,
                    "type": "NONE",
                    "fill": "#696969ff",
                    "line_color": null,
                    "line_thickness": null
                  },
                  "fill": {
                    "color": "#696969ff",
                    "second_color": null
                  }
                },
                "order": 0
              },
              {
                "sid": "Fig1B_single__plot1_curve1",
                "name": "data (n=9)",
                "x": "Fig4_omeprazole_OME_iv40__time",
                "y": "Fig4_omeprazole_OME_iv40__mean",
                "xerr": null,
                "yerr": null,
                "yaxis_position": null,
                "style": {
                  "sid": null,
                  "name": null,
                  "base_style": null,
                  "line": {
                    "type": "DASH",
                    "color": "#696969ff",
                    "thickness": 1.0
                  },
                  "marker": {
                    "size": null,
                    "type": "SQUARE",
                    "fill": "#696969ff",
                    "line_color": null,
                    "line_thickness": null
                  },
                  "fill": {
                    "color": "#696969ff",
                    "second_color": null
                  }
                },
                "order": 1
              }
            ],
            "areas": []
          },
          "row": 2,
          "col": 1,
          "row_span": 1,
          "col_span": 1
        },
        {
          "sid": null,
          "name": null,
          "plot": {
            "sid": "Fig1B_single__plot2",
            "name": null,
            "xaxis": {
              "sid": "Fig1B_single__plot2_xaxis",
              "name": "time [hr]",
              "label": "time",
              "unit": "hr",
              "scale": "LINEAR",
              "min": null,
              "max": null,
              "grid": false,
              "label_visible": true,
              "ticks_visible": true
            },
            "yaxis": {
              "sid": "Fig1B_single__plot2_yaxis",
              "name": "omeprazole [\u00b5M]",
              "label": "omeprazole",
              "unit": "\u00b5M",
              "scale": "LINEAR",
              "min": null,
              "max": null,
              "grid": false,
              "label_visible": true,
              "ticks_visible": true
            },
            "yaxis_right": null,
            "legend": true,
            "facecolor": "#ffffffff",
            "title_visible": true,
            "curves": [
              {
                "sid": "Fig1B_single__plot2_curve0",
                "name": "sim (po20)",
                "x": "task_po20__time",
                "y": "task_po20__Cve_ome",
                "xerr": null,
                "yerr": null,
                "yaxis_position": null,
                "style": {
                  "sid": null,
                  "name": null,
                  "base_style": null,
                  "line": {
                    "type": "SOLID",
                    "color": "#1f77b4ff",
                    "thickness": 2.0
                  },
                  "marker": {
                    "size": null,
                    "type": "NONE",
                    "fill": "#1f77b4ff",
                    "line_color": null,
                    "line_thickness": null
                  },
                  "fill": {
                    "color": "#1f77b4ff",
                    "second_color": null
                  }
                },
                "order": 0
              },
              {
                "sid": "Fig1B_single__plot2_curve1",
                "name": "data (n=9)",
                "x": "Fig4_omeprazole_OME_po20__time",
                "y": "Fig4_omeprazole_OME_po20__mean",
                "xerr": null,
                "yerr": null,
                "yaxis_position": null,
                "style": {
                  "sid": null,
                  "name": null,
                  "base_style": null,
                  "line": {
                    "type": "DASH",
                    "color": "#1f77b4ff",
                    "thickness": 1.0
                  },
                  "marker": {
                    "size": null,
                    "type": "SQUARE",
                    "fill": "#1f77b4ff",
                    "line_color": null,
                    "line_thickness": null
                  },
                  "fill": {
                    "color": "#1f77b4ff",
                    "second_color": null
                  }
                },
                "order": 1
              }
            ],
            "areas": []
          },
          "row": 3,
          "col": 1,
          "row_span": 1,
          "col_span": 1
        }
      ]
    },
    "Fig1B_multi": {
      "sid": "Fig1B_multi",
      "name": "Cederberg1992",
      "num_rows": 3,
      "num_cols": 1,
      "width": 7.0,
      "height": 15.0,
      "subplots": [
        {
          "sid": null,
          "name": null,
          "plot": {
            "sid": "Fig1B_multi__plot0",
            "name": null,
            "xaxis": {
              "sid": "Fig1B_multi__plot0_xaxis",
              "name": "time [hr]",
              "label": "time",
              "unit": "hr",
              "scale": "LINEAR",
              "min": null,
              "max": null,
              "grid": false,
              "label_visible": true,
              "ticks_visible": true
            },
            "yaxis": {
              "sid": "Fig1B_multi__plot0_yaxis",
              "name": "omeprazole [\u00b5M]",
              "label": "omeprazole",
              "unit": "\u00b5M",
              "scale": "LINEAR",
              "min": null,
              "max": null,
              "grid": false,
              "label_visible": true,
              "ticks_visible": true
            },
            "yaxis_right": null,
            "legend": true,
            "facecolor": "#ffffffff",
            "title_visible": true,
            "curves": [
              {
                "sid": "Fig1B_multi__plot0_curve0",
                "name": "sim (iv10_multi)",
                "x": "task_iv10_multi__time",
                "y": "task_iv10_multi__Cve_ome",
                "xerr": null,
                "yerr": null,
                "yaxis_position": null,
                "style": {
                  "sid": null,
                  "name": null,
                  "base_style": null,
                  "line": {
                    "type": "SOLID",
                    "color": "#000000ff",
                    "thickness": 2.0
                  },
                  "marker": {
                    "size": null,
                    "type": "NONE",
                    "fill": "#000000ff",
                    "line_color": null,
                    "line_thickness": null
                  },
                  "fill": {
                    "color": "#000000ff",
                    "second_color": null
                  }
                },
                "order": 0
              },
              {
                "sid": "Fig1B_multi__plot0_curve1",
                "name": "data (n=9)",
                "x": "Fig4_omeprazole_OME_iv10_multi__time",
                "y": "Fig4_omeprazole_OME_iv10_multi__mean",
                "xerr": null,
                "yerr": null,
                "yaxis_position": null,
                "style": {
                  "sid": null,
                  "name": null,
                  "base_style": null,
                  "line": {
                    "type": "DASH",
                    "color": "#000000ff",
                    "thickness": 1.0
                  },
                  "marker": {
                    "size": null,
                    "type": "SQUARE",
                    "fill": "#000000ff",
                    "line_color": null,
                    "line_thickness": null
                  },
                  "fill": {
                    "color": "#000000ff",
                    "second_color": null
                  }
                },
                "order": 1
              }
            ],
            "areas": []
          },
          "row": 1,
          "col": 1,
          "row_span": 1,
          "col_span": 1
        },
        {
          "sid": null,
          "name": null,
          "plot": {
            "sid": "Fig1B_multi__plot1",
            "name": null,
            "xaxis": {
              "sid": "Fig1B_multi__plot1_xaxis",
              "name": "time [hr]",
              "label": "time",
              "unit": "hr",
              "scale": "LINEAR",
              "min": null,
              "max": null,
              "grid": false,
              "label_visible": true,
              "ticks_visible": true
            },
            "yaxis": {
              "sid": "Fig1B_multi__plot1_yaxis",
              "name": "omeprazole [\u00b5M]",
              "label": "omeprazole",
              "unit": "\u00b5M",
              "scale": "LINEAR",
              "min": null,
              "max": null,
              "grid": false,
              "label_visible": true,
              "ticks_visible": true
            },
            "yaxis_right": null,
            "legend": true,
            "facecolor": "#ffffffff",
            "title_visible": true,
            "curves": [
              {
                "sid": "Fig1B_multi__plot1_curve0",
                "name": "sim (iv40_multi)",
                "x": "task_iv40_multi__time",
                "y": "task_iv40_multi__Cve_ome",
                "xerr": null,
                "yerr": null,
                "yaxis_position": null,
                "style": {
                  "sid": null,
                  "name": null,
                  "base_style": null,
                  "line": {
                    "type": "SOLID",
                    "color": "#696969ff",
                    "thickness": 2.0
                  },
                  "marker": {
                    "size": null,
                    "type": "NONE",
                    "fill": "#696969ff",
                    "line_color": null,
                    "line_thickness": null
                  },
                  "fill": {
                    "color": "#696969ff",
                    "second_color": null
                  }
                },
                "order": 0
              },
              {
                "sid": "Fig1B_multi__plot1_curve1",
                "name": "data (n=9)",
                "x": "Fig4_omeprazole_OME_iv40_multi__time",
                "y": "Fig4_omeprazole_OME_iv40_multi__mean",
                "xerr": null,
                "yerr": null,
                "yaxis_position": null,
                "style": {
                  "sid": null,
                  "name": null,
                  "base_style": null,
                  "line": {
                    "type": "DASH",
                    "color": "#696969ff",
                    "thickness": 1.0
                  },
                  "marker": {
                    "size": null,
                    "type": "SQUARE",
                    "fill": "#696969ff",
                    "line_color": null,
                    "line_thickness": null
                  },
                  "fill": {
                    "color": "#696969ff",
                    "second_color": null
                  }
                },
                "order": 1
              }
            ],
            "areas": []
          },
          "row": 2,
          "col": 1,
          "row_span": 1,
          "col_span": 1
        },
        {
          "sid": null,
          "name": null,
          "plot": {
            "sid": "Fig1B_multi__plot2",
            "name": null,
            "xaxis": {
              "sid": "Fig1B_multi__plot2_xaxis",
              "name": "time [hr]",
              "label": "time",
              "unit": "hr",
              "scale": "LINEAR",
              "min": null,
              "max": null,
              "grid": false,
              "label_visible": true,
              "ticks_visible": true
            },
            "yaxis": {
              "sid": "Fig1B_multi__plot2_yaxis",
              "name": "omeprazole [\u00b5M]",
              "label": "omeprazole",
              "unit": "\u00b5M",
              "scale": "LINEAR",
              "min": null,
              "max": null,
              "grid": false,
              "label_visible": true,
              "ticks_visible": true
            },
            "yaxis_right": null,
            "legend": true,
            "facecolor": "#ffffffff",
            "title_visible": true,
            "curves": [
              {
                "sid": "Fig1B_multi__plot2_curve0",
                "name": "sim (po20_multi)",
                "x": "task_po20_multi__time",
                "y": "task_po20_multi__Cve_ome",
                "xerr": null,
                "yerr": null,
                "yaxis_position": null,
                "style": {
                  "sid": null,
                  "name": null,
                  "base_style": null,
                  "line": {
                    "type": "SOLID",
                    "color": "#1f77b4ff",
                    "thickness": 2.0
                  },
                  "marker": {
                    "size": null,
                    "type": "NONE",
                    "fill": "#1f77b4ff",
                    "line_color": null,
                    "line_thickness": null
                  },
                  "fill": {
                    "color": "#1f77b4ff",
                    "second_color": null
                  }
                },
                "order": 0
              },
              {
                "sid": "Fig1B_multi__plot2_curve1",
                "name": "data (n=9)",
                "x": "Fig4_omeprazole_OME_po20_multi__time",
                "y": "Fig4_omeprazole_OME_po20_multi__mean",
                "xerr": null,
                "yerr": null,
                "yaxis_position": null,
                "style": {
                  "sid": null,
                  "name": null,
                  "base_style": null,
                  "line": {
                    "type": "DASH",
                    "color": "#1f77b4ff",
                    "thickness": 1.0
                  },
                  "marker": {
                    "size": null,
                    "type": "SQUARE",
                    "fill": "#1f77b4ff",
                    "line_color": null,
                    "line_thickness": null
                  },
                  "fill": {
                    "color": "#1f77b4ff",
                    "second_color": null
                  }
                },
                "order": 1
              }
            ],
            "areas": []
          },
          "row": 3,
          "col": 1,
          "row_span": 1,
          "col_span": 1
        }
      ]
    },
    "fig1": {
      "sid": "Fig1",
      "name": "Cederberg1992",
      "num_rows": 1,
      "num_cols": 1,
      "width": 7.0,
      "height": 5.0,
      "subplots": [
        {
          "sid": null,
          "name": null,
          "plot": {
            "sid": "Fig1__plot0",
            "name": null,
            "xaxis": {
              "sid": "Fig1__plot0_xaxis",
              "name": "time [hr]",
              "label": "time",
              "unit": "hr",
              "scale": "LINEAR",
              "min": -3,
              "max": null,
              "grid": false,
              "label_visible": true,
              "ticks_visible": true
            },
            "yaxis": {
              "sid": "Fig1__plot0_yaxis",
              "name": "omeprazole [\u00b5M]",
              "label": "omeprazole",
              "unit": "\u00b5M",
              "scale": "LINEAR",
              "min": null,
              "max": null,
              "grid": false,
              "label_visible": true,
              "ticks_visible": true
            },
            "yaxis_right": null,
            "legend": true,
            "facecolor": "#ffffffff",
            "title_visible": true,
            "curves": [
              {
                "sid": "Fig1__plot0_curve0",
                "name": "sim iv10",
                "x": "task_iv10__time",
                "y": "task_iv10__Cve_ome",
                "xerr": null,
                "yerr": null,
                "yaxis_position": null,
                "style": {
                  "sid": null,
                  "name": null,
                  "base_style": null,
                  "line": {
                    "type": "SOLID",
                    "color": "#000000ff",
                    "thickness": 2.0
                  },
                  "marker": {
                    "size": null,
                    "type": "NONE",
                    "fill": "#000000ff",
                    "line_color": null,
                    "line_thickness": null
                  },
                  "fill": {
                    "color": "#000000ff",
                    "second_color": null
                  }
                },
                "order": 0
              },
              {
                "sid": "Fig1__plot0_curve1",
                "name": "iv10",
                "x": "Fig4_omeprazole_OME_iv10__time",
                "y": "Fig4_omeprazole_OME_iv10__mean",
                "xerr": null,
                "yerr": null,
                "yaxis_position": null,
                "style": {
                  "sid": null,
                  "name": null,
                  "base_style": null,
                  "line": {
                    "type": "SOLID",
                    "color": "#000000ff",
                    "thickness": 1.0
                  },
                  "marker": {
                    "size": null,
                    "type": "SQUARE",
                    "fill": "#000000ff",
                    "line_color": null,
                    "line_thickness": null
                  },
                  "fill": {
                    "color": "#000000ff",
                    "second_color": null
                  }
                },
                "order": 1
              },
              {
                "sid": "Fig1__plot0_curve2",
                "name": "sim iv40",
                "x": "task_iv40__time",
                "y": "task_iv40__Cve_ome",
                "xerr": null,
                "yerr": null,
                "yaxis_position": null,
                "style": {
                  "sid": null,
                  "name": null,
                  "base_style": null,
                  "line": {
                    "type": "SOLID",
                    "color": "#696969ff",
                    "thickness": 2.0
                  },
                  "marker": {
                    "size": null,
                    "type": "NONE",
                    "fill": "#696969ff",
                    "line_color": null,
                    "line_thickness": null
                  },
                  "fill": {
                    "color": "#696969ff",
                    "second_color": null
                  }
                },
                "order": 2
              },
              {
                "sid": "Fig1__plot0_curve3",
                "name": "iv40",
                "x": "Fig4_omeprazole_OME_iv40__time",
                "y": "Fig4_omeprazole_OME_iv40__mean",
                "xerr": null,
                "yerr": null,
                "yaxis_position": null,
                "style": {
                  "sid": null,
                  "name": null,
                  "base_style": null,
                  "line": {
                    "type": "SOLID",
                    "color": "#696969ff",
                    "thickness": 1.0
                  },
                  "marker": {
                    "size": null,
                    "type": "SQUARE",
                    "fill": "#696969ff",
                    "line_color": null,
                    "line_thickness": null
                  },
                  "fill": {
                    "color": "#696969ff",
                    "second_color": null
                  }
                },
                "order": 3
              },
              {
                "sid": "Fig1__plot0_curve4",
                "name": "sim po20",
                "x": "task_po20__time",
                "y": "task_po20__Cve_ome",
                "xerr": null,
                "yerr": null,
                "yaxis_position": null,
                "style": {
                  "sid": null,
                  "name": null,
                  "base_style": null,
                  "line": {
                    "type": "SOLID",
                    "color": "#1f77b4ff",
                    "thickness": 2.0
                  },
                  "marker": {
                    "size": null,
                    "type": "NONE",
                    "fill": "#1f77b4ff",
                    "line_color": null,
                    "line_thickness": null
                  },
                  "fill": {
                    "color": "#1f77b4ff",
                    "second_color": null
                  }
                },
                "order": 4
              },
              {
                "sid": "Fig1__plot0_curve5",
                "name": "po20",
                "x": "Fig4_omeprazole_OME_po20__time",
                "y": "Fig4_omeprazole_OME_po20__mean",
                "xerr": null,
                "yerr": null,
                "yaxis_position": null,
                "style": {
                  "sid": null,
                  "name": null,
                  "base_style": null,
                  "line": {
                    "type": "SOLID",
                    "color": "#1f77b4ff",
                    "thickness": 1.0
                  },
                  "marker": {
                    "size": null,
                    "type": "SQUARE",
                    "fill": "#1f77b4ff",
                    "line_color": null,
                    "line_thickness": null
                  },
                  "fill": {
                    "color": "#1f77b4ff",
                    "second_color": null
                  }
                },
                "order": 5
              },
              {
                "sid": "Fig1__plot0_curve6",
                "name": "sim iv10_multi",
                "x": "task_iv10_multi__time",
                "y": "task_iv10_multi__Cve_ome",
                "xerr": null,
                "yerr": null,
                "yaxis_position": null,
                "style": {
                  "sid": null,
                  "name": null,
                  "base_style": null,
                  "line": {
                    "type": "DASH",
                    "color": "#000000ff",
                    "thickness": 2.0
                  },
                  "marker": {
                    "size": null,
                    "type": "NONE",
                    "fill": "#000000ff",
                    "line_color": null,
                    "line_thickness": null
                  },
                  "fill": {
                    "color": "#000000ff",
                    "second_color": null
                  }
                },
                "order": 6
              },
              {
                "sid": "Fig1__plot0_curve7",
                "name": "iv10_multi",
                "x": "Fig4_omeprazole_OME_iv10_multi__time",
                "y": "Fig4_omeprazole_OME_iv10_multi__mean",
                "xerr": null,
                "yerr": null,
                "yaxis_position": null,
                "style": {
                  "sid": null,
                  "name": null,
                  "base_style": null,
                  "line": {
                    "type": "DASH",
                    "color": "#000000ff",
                    "thickness": 1.0
                  },
                  "marker": {
                    "size": null,
                    "type": "SQUARE",
                    "fill": "#000000ff",
                    "line_color": null,
                    "line_thickness": null
                  },
                  "fill": {
                    "color": "#000000ff",
                    "second_color": null
                  }
                },
                "order": 7
              },
              {
                "sid": "Fig1__plot0_curve8",
                "name": "sim iv40_multi",
                "x": "task_iv40_multi__time",
                "y": "task_iv40_multi__Cve_ome",
                "xerr": null,
                "yerr": null,
                "yaxis_position": null,
                "style": {
                  "sid": null,
                  "name": null,
                  "base_style": null,
                  "line": {
                    "type": "DASH",
                    "color": "#696969ff",
                    "thickness": 2.0
                  },
                  "marker": {
                    "size": null,
                    "type": "NONE",
                    "fill": "#696969ff",
                    "line_color": null,
                    "line_thickness": null
                  },
                  "fill": {
                    "color": "#696969ff",
                    "second_color": null
                  }
                },
                "order": 8
              },
              {
                "sid": "Fig1__plot0_curve9",
                "name": "iv40_multi",
                "x": "Fig4_omeprazole_OME_iv40_multi__time",
                "y": "Fig4_omeprazole_OME_iv40_multi__mean",
                "xerr": null,
                "yerr": null,
                "yaxis_position": null,
                "style": {
                  "sid": null,
                  "name": null,
                  "base_style": null,
                  "line": {
                    "type": "DASH",
                    "color": "#696969ff",
                    "thickness": 1.0
                  },
                  "marker": {
                    "size": null,
                    "type": "SQUARE",
                    "fill": "#696969ff",
                    "line_color": null,
                    "line_thickness": null
                  },
                  "fill": {
                    "color": "#696969ff",
                    "second_color": null
                  }
                },
                "order": 9
              },
              {
                "sid": "Fig1__plot0_curve10",
                "name": "sim po20_multi",
                "x": "task_po20_multi__time",
                "y": "task_po20_multi__Cve_ome",
                "xerr": null,
                "yerr": null,
                "yaxis_position": null,
                "style": {
                  "sid": null,
                  "name": null,
                  "base_style": null,
                  "line": {
                    "type": "DASH",
                    "color": "#1f77b4ff",
                    "thickness": 2.0
                  },
                  "marker": {
                    "size": null,
                    "type": "NONE",
                    "fill": "#1f77b4ff",
                    "line_color": null,
                    "line_thickness": null
                  },
                  "fill": {
                    "color": "#1f77b4ff",
                    "second_color": null
                  }
                },
                "order": 10
              },
              {
                "sid": "Fig1__plot0_curve11",
                "name": "po20_multi",
                "x": "Fig4_omeprazole_OME_po20_multi__time",
                "y": "Fig4_omeprazole_OME_po20_multi__mean",
                "xerr": null,
                "yerr": null,
                "yaxis_position": null,
                "style": {
                  "sid": null,
                  "name": null,
                  "base_style": null,
                  "line": {
                    "type": "DASH",
                    "color": "#1f77b4ff",
                    "thickness": 1.0
                  },
                  "marker": {
                    "size": null,
                    "type": "SQUARE",
                    "fill": "#1f77b4ff",
                    "line_color": null,
                    "line_thickness": null
                  },
                  "fill": {
                    "color": "#1f77b4ff",
                    "second_color": null
                  }
                },
                "order": 11
              }
            ],
            "areas": []
          },
          "row": 1,
          "col": 1,
          "row_span": 1,
          "col_span": 1
        }
      ]
    }
  }
}