study	group	count	measurement_type	interventions	substance	tissue	method	label	time	time_unit	mean	mean_se	mean_sd	mean_unit
Cederberg1992	all	9	concentration	OME_iv10_multi	omeprazole	plasma	HPLC	Fig4_concentration_iv_10_day_5	3.501278e-05	hr	0.027078612			micromol/l
Cederberg1992	all	9	concentration	OME_iv10_multi	omeprazole	plasma	HPLC	Fig4_concentration_iv_10_day_5	0.1	hr	2.965221			micromol/l
Cederberg1992	all	9	concentration	OME_iv10_multi	omeprazole	plasma	HPLC	Fig4_concentration_iv_10_day_5	0.25	hr	1.0753593			micromol/l
Cederberg1992	all	9	concentration	OME_iv10_multi	omeprazole	plasma	HPLC	Fig4_concentration_iv_10_day_5	0.4	hr	0.7226605			micromol/l
Cederberg1992	all	9	concentration	OME_iv10_multi	omeprazole	plasma	HPLC	Fig4_concentration_iv_10_day_5	0.6	hr	0.585575			micromol/l
Cederberg1992	all	9	concentration	OME_iv10_multi	omeprazole	plasma	HPLC	Fig4_concentration_iv_10_day_5	0.85	hr	0.39331684			micromol/l
Cederberg1992	all	9	concentration	OME_iv10_multi	omeprazole	plasma	HPLC	Fig4_concentration_iv_10_day_5	1.1	hr	0.22825015			micromol/l
Cederberg1992	all	9	concentration	OME_iv10_multi	omeprazole	plasma	HPLC	Fig4_concentration_iv_10_day_5	1.6	hr	0.113617346			micromol/l
Cederberg1992	all	9	concentration	OME_iv10_multi	omeprazole	plasma	HPLC	Fig4_concentration_iv_10_day_5	2.1	hr	0.025950337			micromol/l
Cederberg1992	all	9	concentration	OME_iv10_multi	omeprazole	plasma	HPLC	Fig4_concentration_iv_10_day_5	3.1	hr	0.0			micromol/l
Cederberg1992	all	9	concentration	OME_iv10_multi	omeprazole	plasma	HPLC	Fig4_concentration_iv_10_day_5	4.1	hr	0.0			micromol/l
