{
  "experiment_id": "PHChangeExperiment",
  "base_path": "/home/mkoenig/git/pkdb_models/pkdb_models/models/omeprazole",
  "data_path": "[PosixPath('/home/mkoenig/git/pkdb_data/studies/omeprazole')]",
  "models": {
    "model": {
      "sid": null,
      "name": null,
      "language": "SBML",
      "language_type": "SBML",
      "source": {
        "source": "/home/mkoenig/git/pkdb_models/pkdb_models/models/omeprazole/models/results/omeprazole_body_flat.xml",
        "path": "/home/mkoenig/git/pkdb_models/pkdb_models/models/omeprazole/models/results/omeprazole_body_flat.xml",
        "content": "None"
      },
      "changes": {}
    }
  },
  "tasks": {
    "task_ome_control": {
      "model": "model",
      "simulation": "ome_control"
    },
    "task_ome_iv10_single": {
      "model": "model",
      "simulation": "ome_iv10_single"
    },
    "task_ome_po10_single": {
      "model": "model",
      "simulation": "ome_po10_single"
    },
    "task_ome_iv10_multi": {
      "model": "model",
      "simulation": "ome_iv10_multi"
    },
    "task_ome_po10_multi": {
      "model": "model",
      "simulation": "ome_po10_multi"
    },
    "task_ome_iv20_single": {
      "model": "model",
      "simulation": "ome_iv20_single"
    },
    "task_ome_po20_single": {
      "model": "model",
      "simulation": "ome_po20_single"
    },
    "task_ome_iv20_multi": {
      "model": "model",
      "simulation": "ome_iv20_multi"
    },
    "task_ome_po20_multi": {
      "model": "model",
      "simulation": "ome_po20_multi"
    },
    "task_ome_iv40_single": {
      "model": "model",
      "simulation": "ome_iv40_single"
    },
    "task_ome_po40_single": {
      "model": "model",
      "simulation": "ome_po40_single"
    },
    "task_ome_iv40_multi": {
      "model": "model",
      "simulation": "ome_iv40_multi"
    },
    "task_ome_po40_multi": {
      "model": "model",
      "simulation": "ome_po40_multi"
    }
  },
  "simulations": {
    "ome_control": {
      "type": "TimecourseSim",
      "selections": null,
      "reset": true,
      "time_offset": 0.0,
      "timecourses": [
        {
          "start": 0,
          "end": 1440,
          "steps": 200,
          "changes": {},
          "model_changes": {},
          "model_manipulations": {},
          "discard": false
        }
      ]
    },
    "ome_iv10_single": {
      "type": "TimecourseSim",
      "selections": null,
      "reset": true,
      "time_offset": 0.0,
      "timecourses": [
        {
          "start": 0,
          "end": 1440,
          "steps": 200,
          "changes": {},
          "model_changes": {},
          "model_manipulations": {},
          "discard": true
        },
        {
          "start": 0,
          "end": 1440,
          "steps": 3000,
          "changes": {
            "IVDOSE_ome": {
              "_magnitude": 10,
              "_units": "milligram",
              "_Quantity__used": false,
              "_Quantity__handling": null
            }
          },
          "model_changes": {},
          "model_manipulations": {},
          "discard": false
        }
      ]
    },
    "ome_po10_single": {
      "type": "TimecourseSim",
      "selections": null,
      "reset": true,
      "time_offset": 0.0,
      "timecourses": [
        {
          "start": 0,
          "end": 1440,
          "steps": 200,
          "changes": {},
          "model_changes": {},
          "model_manipulations": {},
          "discard": true
        },
        {
          "start": 0,
          "end": 1440,
          "steps": 3000,
          "changes": {
            "PODOSE_ome": {
              "_magnitude": 10,
              "_units": "milligram",
              "_Quantity__used": false,
              "_Quantity__handling": null
            }
          },
          "model_changes": {},
          "model_manipulations": {},
          "discard": false
        }
      ]
    },
    "ome_iv10_multi": {
      "type": "TimecourseSim",
      "selections": null,
      "reset": true,
      "time_offset": 0.0,
      "timecourses": [
        {
          "start": 0,
          "end": 1440,
          "steps": 200,
          "changes": {},
          "model_changes": {},
          "model_manipulations": {},
          "discard": true
        },
        {
          "start": 0,
          "end": 1440,
          "steps": 1200,
          "changes": {
            "IVDOSE_ome": {
              "_magnitude": 10,
              "_units": "milligram",
              "_Quantity__used": false,
              "_Quantity__handling": null
            }
          },
          "model_changes": {},
          "model_manipulations": {},
          "discard": true
        },
        {
          "start": 0,
          "end": 1440,
          "steps": 1200,
          "changes": {
            "IVDOSE_ome": {
              "_magnitude": 10,
              "_units": "milligram",
              "_Quantity__used": false,
              "_Quantity__handling": null
            }
          },
          "model_changes": {},
          "model_manipulations": {},
          "discard": true
        },
        {
          "start": 0,
          "end": 1440,
          "steps": 1200,
          "changes": {
            "IVDOSE_ome": {
              "_magnitude": 10,
              "_units": "milligram",
              "_Quantity__used": false,
              "_Quantity__handling": null
            }
          },
          "model_changes": {},
          "model_manipulations": {},
          "discard": true
        },
        {
          "start": 0,
          "end": 1440,
          "steps": 1200,
          "changes": {
            "IVDOSE_ome": {
              "_magnitude": 10,
              "_units": "milligram",
              "_Quantity__used": false,
              "_Quantity__handling": null
            }
          },
          "model_changes": {},
          "model_manipulations": {},
          "discard": true
        },
        {
          "start": 0,
          "end": 1440,
          "steps": 3000,
          "changes": {
            "IVDOSE_ome": {
              "_magnitude": 10,
              "_units": "milligram",
              "_Quantity__used": false,
              "_Quantity__handling": null
            }
          },
          "model_changes": {},
          "model_manipulations": {},
          "discard": false
        }
      ]
    },
    "ome_po10_multi": {
      "type": "TimecourseSim",
      "selections": null,
      "reset": true,
      "time_offset": 0.0,
      "timecourses": [
        {
          "start": 0,
          "end": 1440,
          "steps": 200,
          "changes": {},
          "model_changes": {},
          "model_manipulations": {},
          "discard": true
        },
        {
          "start": 0,
          "end": 1440,
          "steps": 1200,
          "changes": {
            "PODOSE_ome": {
              "_magnitude": 10,
              "_units": "milligram",
              "_Quantity__used": false,
              "_Quantity__handling": null
            }
          },
          "model_changes": {},
          "model_manipulations": {},
          "discard": true
        },
        {
          "start": 0,
          "end": 1440,
          "steps": 1200,
          "changes": {
            "PODOSE_ome": {
              "_magnitude": 10,
              "_units": "milligram",
              "_Quantity__used": false,
              "_Quantity__handling": null
            }
          },
          "model_changes": {},
          "model_manipulations": {},
          "discard": true
        },
        {
          "start": 0,
          "end": 1440,
          "steps": 1200,
          "changes": {
            "PODOSE_ome": {
              "_magnitude": 10,
              "_units": "milligram",
              "_Quantity__used": false,
              "_Quantity__handling": null
            }
          },
          "model_changes": {},
          "model_manipulations": {},
          "discard": true
        },
        {
          "start": 0,
          "end": 1440,
          "steps": 1200,
          "changes": {
            "PODOSE_ome": {
              "_magnitude": 10,
              "_units": "milligram",
              "_Quantity__used": false,
              "_Quantity__handling": null
            }
          },
          "model_changes": {},
          "model_manipulations": {},
          "discard": true
        },
        {
          "start": 0,
          "end": 1440,
          "steps": 3000,
          "changes": {
            "PODOSE_ome": {
              "_magnitude": 10,
              "_units": "milligram",
              "_Quantity__used": false,
              "_Quantity__handling": null
            }
          },
          "model_changes": {},
          "model_manipulations": {},
          "discard": false
        }
      ]
    },
    "ome_iv20_single": {
      "type": "TimecourseSim",
      "selections": null,
      "reset": true,
      "time_offset": 0.0,
      "timecourses": [
        {
          "start": 0,
          "end": 1440,
          "steps": 200,
          "changes": {},
          "model_changes": {},
          "model_manipulations": {},
          "discard": true
        },
        {
          "start": 0,
          "end": 1440,
          "steps": 3000,
          "changes": {
            "IVDOSE_ome": {
              "_magnitude": 20,
              "_units": "milligram",
              "_Quantity__used": false,
              "_Quantity__handling": null
            }
          },
          "model_changes": {},
          "model_manipulations": {},
          "discard": false
        }
      ]
    },
    "ome_po20_single": {
      "type": "TimecourseSim",
      "selections": null,
      "reset": true,
      "time_offset": 0.0,
      "timecourses": [
        {
          "start": 0,
          "end": 1440,
          "steps": 200,
          "changes": {},
          "model_changes": {},
          "model_manipulations": {},
          "discard": true
        },
        {
          "start": 0,
          "end": 1440,
          "steps": 3000,
          "changes": {
            "PODOSE_ome": {
              "_magnitude": 20,
              "_units": "milligram",
              "_Quantity__used": false,
              "_Quantity__handling": null
            }
          },
          "model_changes": {},
          "model_manipulations": {},
          "discard": false
        }
      ]
    },
    "ome_iv20_multi": {
      "type": "TimecourseSim",
      "selections": null,
      "reset": true,
      "time_offset": 0.0,
      "timecourses": [
        {
          "start": 0,
          "end": 1440,
          "steps": 200,
          "changes": {},
          "model_changes": {},
          "model_manipulations": {},
          "discard": true
        },
        {
          "start": 0,
          "end": 1440,
          "steps": 1200,
          "changes": {
            "IVDOSE_ome": {
              "_magnitude": 20,
              "_units": "milligram",
              "_Quantity__used": false,
              "_Quantity__handling": null
            }
          },
          "model_changes": {},
          "model_manipulations": {},
          "discard": true
        },
        {
          "start": 0,
          "end": 1440,
          "steps": 1200,
          "changes": {
            "IVDOSE_ome": {
              "_magnitude": 20,
              "_units": "milligram",
              "_Quantity__used": false,
              "_Quantity__handling": null
            }
          },
          "model_changes": {},
          "model_manipulations": {},
          "discard": true
        },
        {
          "start": 0,
          "end": 1440,
          "steps": 1200,
          "changes": {
            "IVDOSE_ome": {
              "_magnitude": 20,
              "_units": "milligram",
              "_Quantity__used": false,
              "_Quantity__handling": null
            }
          },
          "model_changes": {},
          "model_manipulations": {},
          "discard": true
        },
        {
          "start": 0,
          "end": 1440,
          "steps": 1200,
          "changes": {
            "IVDOSE_ome": {
              "_magnitude": 20,
              "_units": "milligram",
              "_Quantity__used": false,
              "_Quantity__handling": null
            }
          },
          "model_changes": {},
          "model_manipulations": {},
          "discard": true
        },
        {
          "start": 0,
          "end": 1440,
          "steps": 3000,
          "changes": {
            "IVDOSE_ome": {
              "_magnitude": 20,
              "_units": "milligram",
              "_Quantity__used": false,
              "_Quantity__handling": null
            }
          },
          "model_changes": {},
          "model_manipulations": {},
          "discard": false
        }
      ]
    },
    "ome_po20_multi": {
      "type": "TimecourseSim",
      "selections": null,
      "reset": true,
      "time_offset": 0.0,
      "timecourses": [
        {
          "start": 0,
          "end": 1440,
          "steps": 200,
          "changes": {},
          "model_changes": {},
          "model_manipulations": {},
          "discard": true
        },
        {
          "start": 0,
          "end": 1440,
          "steps": 1200,
          "changes": {
            "PODOSE_ome": {
              "_magnitude": 20,
              "_units": "milligram",
              "_Quantity__used": false,
              "_Quantity__handling": null
            }
          },
          "model_changes": {},
          "model_manipulations": {},
          "discard": true
        },
        {
          "start": 0,
          "end": 1440,
          "steps": 1200,
          "changes": {
            "PODOSE_ome": {
              "_magnitude": 20,
              "_units": "milligram",
              "_Quantity__used": false,
              "_Quantity__handling": null
            }
          },
          "model_changes": {},
          "model_manipulations": {},
          "discard": true
        },
        {
          "start": 0,
          "end": 1440,
          "steps": 1200,
          "changes": {
            "PODOSE_ome": {
              "_magnitude": 20,
              "_units": "milligram",
              "_Quantity__used": false,
              "_Quantity__handling": null
            }
          },
          "model_changes": {},
          "model_manipulations": {},
          "discard": true
        },
        {
          "start": 0,
          "end": 1440,
          "steps": 1200,
          "changes": {
            "PODOSE_ome": {
              "_magnitude": 20,
              "_units": "milligram",
              "_Quantity__used": false,
              "_Quantity__handling": null
            }
          },
          "model_changes": {},
          "model_manipulations": {},
          "discard": true
        },
        {
          "start": 0,
          "end": 1440,
          "steps": 3000,
          "changes": {
            "PODOSE_ome": {
              "_magnitude": 20,
              "_units": "milligram",
              "_Quantity__used": false,
              "_Quantity__handling": null
            }
          },
          "model_changes": {},
          "model_manipulations": {},
          "discard": false
        }
      ]
    },
    "ome_iv40_single": {
      "type": "TimecourseSim",
      "selections": null,
      "reset": true,
      "time_offset": 0.0,
      "timecourses": [
        {
          "start": 0,
          "end": 1440,
          "steps": 200,
          "changes": {},
          "model_changes": {},
          "model_manipulations": {},
          "discard": true
        },
        {
          "start": 0,
          "end": 1440,
          "steps": 3000,
          "changes": {
            "IVDOSE_ome": {
              "_magnitude": 40,
              "_units": "milligram",
              "_Quantity__used": false,
              "_Quantity__handling": null
            }
          },
          "model_changes": {},
          "model_manipulations": {},
          "discard": false
        }
      ]
    },
    "ome_po40_single": {
      "type": "TimecourseSim",
      "selections": null,
      "reset": true,
      "time_offset": 0.0,
      "timecourses": [
        {
          "start": 0,
          "end": 1440,
          "steps": 200,
          "changes": {},
          "model_changes": {},
          "model_manipulations": {},
          "discard": true
        },
        {
          "start": 0,
          "end": 1440,
          "steps": 3000,
          "changes": {
            "PODOSE_ome": {
              "_magnitude": 40,
              "_units": "milligram",
              "_Quantity__used": false,
              "_Quantity__handling": null
            }
          },
          "model_changes": {},
          "model_manipulations": {},
          "discard": false
        }
      ]
    },
    "ome_iv40_multi": {
      "type": "TimecourseSim",
      "selections": null,
      "reset": true,
      "time_offset": 0.0,
      "timecourses": [
        {
          "start": 0,
          "end": 1440,
          "steps": 200,
          "changes": {},
          "model_changes": {},
          "model_manipulations": {},
          "discard": true
        },
        {
          "start": 0,
          "end": 1440,
          "steps": 1200,
          "changes": {
            "IVDOSE_ome": {
              "_magnitude": 40,
              "_units": "milligram",
              "_Quantity__used": false,
              "_Quantity__handling": null
            }
          },
          "model_changes": {},
          "model_manipulations": {},
          "discard": true
        },
        {
          "start": 0,
          "end": 1440,
          "steps": 1200,
          "changes": {
            "IVDOSE_ome": {
              "_magnitude": 40,
              "_units": "milligram",
              "_Quantity__used": false,
              "_Quantity__handling": null
            }
          },
          "model_changes": {},
          "model_manipulations": {},
          "discard": true
        },
        {
          "start": 0,
          "end": 1440,
          "steps": 1200,
          "changes": {
            "IVDOSE_ome": {
              "_magnitude": 40,
              "_units": "milligram",
              "_Quantity__used": false,
              "_Quantity__handling": null
            }
          },
          "model_changes": {},
          "model_manipulations": {},
          "discard": true
        },
        {
          "start": 0,
          "end": 1440,
          "steps": 1200,
          "changes": {
            "IVDOSE_ome": {
              "_magnitude": 40,
              "_units": "milligram",
              "_Quantity__used": false,
              "_Quantity__handling": null
            }
          },
          "model_changes": {},
          "model_manipulations": {},
          "discard": true
        },
        {
          "start": 0,
          "end": 1440,
          "steps": 3000,
          "changes": {
            "IVDOSE_ome": {
              "_magnitude": 40,
              "_units": "milligram",
              "_Quantity__used": false,
              "_Quantity__handling": null
            }
          },
          "model_changes": {},
          "model_manipulations": {},
          "discard": false
        }
      ]
    },
    "ome_po40_multi": {
      "type": "TimecourseSim",
      "selections": null,
      "reset": true,
      "time_offset": 0.0,
      "timecourses": [
        {
          "start": 0,
          "end": 1440,
          "steps": 200,
          "changes": {},
          "model_changes": {},
          "model_manipulations": {},
          "discard": true
        },
        {
          "start": 0,
          "end": 1440,
          "steps": 1200,
          "changes": {
            "PODOSE_ome": {
              "_magnitude": 40,
              "_units": "milligram",
              "_Quantity__used": false,
              "_Quantity__handling": null
            }
          },
          "model_changes": {},
          "model_manipulations": {},
          "discard": true
        },
        {
          "start": 0,
          "end": 1440,
          "steps": 1200,
          "changes": {
            "PODOSE_ome": {
              "_magnitude": 40,
              "_units": "milligram",
              "_Quantity__used": false,
              "_Quantity__handling": null
            }
          },
          "model_changes": {},
          "model_manipulations": {},
          "discard": true
        },
        {
          "start": 0,
          "end": 1440,
          "steps": 1200,
          "changes": {
            "PODOSE_ome": {
              "_magnitude": 40,
              "_units": "milligram",
              "_Quantity__used": false,
              "_Quantity__handling": null
            }
          },
          "model_changes": {},
          "model_manipulations": {},
          "discard": true
        },
        {
          "start": 0,
          "end": 1440,
          "steps": 1200,
          "changes": {
            "PODOSE_ome": {
              "_magnitude": 40,
              "_units": "milligram",
              "_Quantity__used": false,
              "_Quantity__handling": null
            }
          },
          "model_changes": {},
          "model_manipulations": {},
          "discard": true
        },
        {
          "start": 0,
          "end": 1440,
          "steps": 3000,
          "changes": {
            "PODOSE_ome": {
              "_magnitude": 40,
              "_units": "milligram",
              "_Quantity__used": false,
              "_Quantity__handling": null
            }
          },
          "model_changes": {},
          "model_manipulations": {},
          "discard": false
        }
      ]
    }
  },
  "data": {
    "task_ome_control__time": {
      "type": "TASK",
      "index": "time",
      "unit": null,
      "task": "task_ome_control",
      "dataset": null,
      "function": null,
      "variables": null
    },
    "task_ome_control__IVDOSE_ome": {
      "type": "TASK",
      "index": "IVDOSE_ome",
      "unit": null,
      "task": "task_ome_control",
      "dataset": null,
      "function": null,
      "variables": null
    },
    "task_ome_control__Cve_ome": {
      "type": "TASK",
      "index": "Cve_ome",
      "unit": null,
      "task": "task_ome_control",
      "dataset": null,
      "function": null,
      "variables": null
    },
    "task_ome_control__Car_ome": {
      "type": "TASK",
      "index": "Car_ome",
      "unit": null,
      "task": "task_ome_control",
      "dataset": null,
      "function": null,
      "variables": null
    },
    "task_ome_control__LI__ome": {
      "type": "TASK",
      "index": "LI__ome",
      "unit": null,
      "task": "task_ome_control",
      "dataset": null,
      "function": null,
      "variables": null
    },
    "task_ome_control__Cve_omemets": {
      "type": "TASK",
      "index": "Cve_omemets",
      "unit": null,
      "task": "task_ome_control",
      "dataset": null,
      "function": null,
      "variables": null
    },
    "task_ome_control__Car_omemets": {
      "type": "TASK",
      "index": "Car_omemets",
      "unit": null,
      "task": "task_ome_control",
      "dataset": null,
      "function": null,
      "variables": null
    },
    "task_ome_control__LI__omemets": {
      "type": "TASK",
      "index": "LI__omemets",
      "unit": null,
      "task": "task_ome_control",
      "dataset": null,
      "function": null,
      "variables": null
    },
    "task_ome_control__KI__omemets_urine": {
      "type": "TASK",
      "index": "KI__omemets_urine",
      "unit": null,
      "task": "task_ome_control",
      "dataset": null,
      "function": null,
      "variables": null
    },
    "task_ome_control__pH": {
      "type": "TASK",
      "index": "pH",
      "unit": null,
      "task": "task_ome_control",
      "dataset": null,
      "function": null,
      "variables": null
    },
    "task_ome_control__ST__pp_rate": {
      "type": "TASK",
      "index": "ST__pp_rate",
      "unit": null,
      "task": "task_ome_control",
      "dataset": null,
      "function": null,
      "variables": null
    },
    "task_ome_control__ST__gacid_loss": {
      "type": "TASK",
      "index": "ST__gacid_loss",
      "unit": null,
      "task": "task_ome_control",
      "dataset": null,
      "function": null,
      "variables": null
    },
    "task_ome_control__ST__protons_stomach": {
      "type": "TASK",
      "index": "ST__protons_stomach",
      "unit": null,
      "task": "task_ome_control",
      "dataset": null,
      "function": null,
      "variables": null
    },
    "task_ome_control__ST__pp_active": {
      "type": "TASK",
      "index": "ST__pp_active",
      "unit": null,
      "task": "task_ome_control",
      "dataset": null,
      "function": null,
      "variables": null
    },
    "task_ome_control__ST__pp_inactive": {
      "type": "TASK",
      "index": "ST__pp_inactive",
      "unit": null,
      "task": "task_ome_control",
      "dataset": null,
      "function": null,
      "variables": null
    },
    "task_ome_control__ST__pp_total": {
      "type": "TASK",
      "index": "ST__pp_total",
      "unit": null,
      "task": "task_ome_control",
      "dataset": null,
      "function": null,
      "variables": null
    },
    "task_ome_control__ST__pp_synthesis": {
      "type": "TASK",
      "index": "ST__pp_synthesis",
      "unit": null,
      "task": "task_ome_control",
      "dataset": null,
      "function": null,
      "variables": null
    },
    "task_ome_control__ST__pp_active_degradation": {
      "type": "TASK",
      "index": "ST__pp_active_degradation",
      "unit": null,
      "task": "task_ome_control",
      "dataset": null,
      "function": null,
      "variables": null
    },
    "task_ome_control__ST__pp_inactive_degradation": {
      "type": "TASK",
      "index": "ST__pp_inactive_degradation",
      "unit": null,
      "task": "task_ome_control",
      "dataset": null,
      "function": null,
      "variables": null
    },
    "task_ome_control__F_ome_pH": {
      "type": "TASK",
      "index": "F_ome_pH",
      "unit": null,
      "task": "task_ome_control",
      "dataset": null,
      "function": null,
      "variables": null
    },
    "task_ome_control__F_ome_pH2": {
      "type": "TASK",
      "index": "F_ome_pH2",
      "unit": null,
      "task": "task_ome_control",
      "dataset": null,
      "function": null,
      "variables": null
    },
    "task_ome_control__F_ome_pH6": {
      "type": "TASK",
      "index": "F_ome_pH6",
      "unit": null,
      "task": "task_ome_control",
      "dataset": null,
      "function": null,
      "variables": null
    },
    "task_ome_iv10_single__time": {
      "type": "TASK",
      "index": "time",
      "unit": null,
      "task": "task_ome_iv10_single",
      "dataset": null,
      "function": null,
      "variables": null
    },
    "task_ome_iv10_single__IVDOSE_ome": {
      "type": "TASK",
      "index": "IVDOSE_ome",
      "unit": null,
      "task": "task_ome_iv10_single",
      "dataset": null,
      "function": null,
      "variables": null
    },
    "task_ome_iv10_single__Cve_ome": {
      "type": "TASK",
      "index": "Cve_ome",
      "unit": null,
      "task": "task_ome_iv10_single",
      "dataset": null,
      "function": null,
      "variables": null
    },
    "task_ome_iv10_single__Car_ome": {
      "type": "TASK",
      "index": "Car_ome",
      "unit": null,
      "task": "task_ome_iv10_single",
      "dataset": null,
      "function": null,
      "variables": null
    },
    "task_ome_iv10_single__LI__ome": {
      "type": "TASK",
      "index": "LI__ome",
      "unit": null,
      "task": "task_ome_iv10_single",
      "dataset": null,
      "function": null,
      "variables": null
    },
    "task_ome_iv10_single__Cve_omemets": {
      "type": "TASK",
      "index": "Cve_omemets",
      "unit": null,
      "task": "task_ome_iv10_single",
      "dataset": null,
      "function": null,
      "variables": null
    },
    "task_ome_iv10_single__Car_omemets": {
      "type": "TASK",
      "index": "Car_omemets",
      "unit": null,
      "task": "task_ome_iv10_single",
      "dataset": null,
      "function": null,
      "variables": null
    },
    "task_ome_iv10_single__LI__omemets": {
      "type": "TASK",
      "index": "LI__omemets",
      "unit": null,
      "task": "task_ome_iv10_single",
      "dataset": null,
      "function": null,
      "variables": null
    },
    "task_ome_iv10_single__KI__omemets_urine": {
      "type": "TASK",
      "index": "KI__omemets_urine",
      "unit": null,
      "task": "task_ome_iv10_single",
      "dataset": null,
      "function": null,
      "variables": null
    },
    "task_ome_iv10_single__pH": {
      "type": "TASK",
      "index": "pH",
      "unit": null,
      "task": "task_ome_iv10_single",
      "dataset": null,
      "function": null,
      "variables": null
    },
    "task_ome_iv10_single__ST__pp_rate": {
      "type": "TASK",
      "index": "ST__pp_rate",
      "unit": null,
      "task": "task_ome_iv10_single",
      "dataset": null,
      "function": null,
      "variables": null
    },
    "task_ome_iv10_single__ST__gacid_loss": {
      "type": "TASK",
      "index": "ST__gacid_loss",
      "unit": null,
      "task": "task_ome_iv10_single",
      "dataset": null,
      "function": null,
      "variables": null
    },
    "task_ome_iv10_single__ST__protons_stomach": {
      "type": "TASK",
      "index": "ST__protons_stomach",
      "unit": null,
      "task": "task_ome_iv10_single",
      "dataset": null,
      "function": null,
      "variables": null
    },
    "task_ome_iv10_single__ST__pp_active": {
      "type": "TASK",
      "index": "ST__pp_active",
      "unit": null,
      "task": "task_ome_iv10_single",
      "dataset": null,
      "function": null,
      "variables": null
    },
    "task_ome_iv10_single__ST__pp_inactive": {
      "type": "TASK",
      "index": "ST__pp_inactive",
      "unit": null,
      "task": "task_ome_iv10_single",
      "dataset": null,
      "function": null,
      "variables": null
    },
    "task_ome_iv10_single__ST__pp_total": {
      "type": "TASK",
      "index": "ST__pp_total",
      "unit": null,
      "task": "task_ome_iv10_single",
      "dataset": null,
      "function": null,
      "variables": null
    },
    "task_ome_iv10_single__ST__pp_synthesis": {
      "type": "TASK",
      "index": "ST__pp_synthesis",
      "unit": null,
      "task": "task_ome_iv10_single",
      "dataset": null,
      "function": null,
      "variables": null
    },
    "task_ome_iv10_single__ST__pp_active_degradation": {
      "type": "TASK",
      "index": "ST__pp_active_degradation",
      "unit": null,
      "task": "task_ome_iv10_single",
      "dataset": null,
      "function": null,
      "variables": null
    },
    "task_ome_iv10_single__ST__pp_inactive_degradation": {
      "type": "TASK",
      "index": "ST__pp_inactive_degradation",
      "unit": null,
      "task": "task_ome_iv10_single",
      "dataset": null,
      "function": null,
      "variables": null
    },
    "task_ome_iv10_single__F_ome_pH": {
      "type": "TASK",
      "index": "F_ome_pH",
      "unit": null,
      "task": "task_ome_iv10_single",
      "dataset": null,
      "function": null,
      "variables": null
    },
    "task_ome_iv10_single__F_ome_pH2": {
      "type": "TASK",
      "index": "F_ome_pH2",
      "unit": null,
      "task": "task_ome_iv10_single",
      "dataset": null,
      "function": null,
      "variables": null
    },
    "task_ome_iv10_single__F_ome_pH6": {
      "type": "TASK",
      "index": "F_ome_pH6",
      "unit": null,
      "task": "task_ome_iv10_single",
      "dataset": null,
      "function": null,
      "variables": null
    },
    "task_ome_po10_single__time": {
      "type": "TASK",
      "index": "time",
      "unit": null,
      "task": "task_ome_po10_single",
      "dataset": null,
      "function": null,
      "variables": null
    },
    "task_ome_po10_single__IVDOSE_ome": {
      "type": "TASK",
      "index": "IVDOSE_ome",
      "unit": null,
      "task": "task_ome_po10_single",
      "dataset": null,
      "function": null,
      "variables": null
    },
    "task_ome_po10_single__Cve_ome": {
      "type": "TASK",
      "index": "Cve_ome",
      "unit": null,
      "task": "task_ome_po10_single",
      "dataset": null,
      "function": null,
      "variables": null
    },
    "task_ome_po10_single__Car_ome": {
      "type": "TASK",
      "index": "Car_ome",
      "unit": null,
      "task": "task_ome_po10_single",
      "dataset": null,
      "function": null,
      "variables": null
    },
    "task_ome_po10_single__LI__ome": {
      "type": "TASK",
      "index": "LI__ome",
      "unit": null,
      "task": "task_ome_po10_single",
      "dataset": null,
      "function": null,
      "variables": null
    },
    "task_ome_po10_single__Cve_omemets": {
      "type": "TASK",
      "index": "Cve_omemets",
      "unit": null,
      "task": "task_ome_po10_single",
      "dataset": null,
      "function": null,
      "variables": null
    },
    "task_ome_po10_single__Car_omemets": {
      "type": "TASK",
      "index": "Car_omemets",
      "unit": null,
      "task": "task_ome_po10_single",
      "dataset": null,
      "function": null,
      "variables": null
    },
    "task_ome_po10_single__LI__omemets": {
      "type": "TASK",
      "index": "LI__omemets",
      "unit": null,
      "task": "task_ome_po10_single",
      "dataset": null,
      "function": null,
      "variables": null
    },
    "task_ome_po10_single__KI__omemets_urine": {
      "type": "TASK",
      "index": "KI__omemets_urine",
      "unit": null,
      "task": "task_ome_po10_single",
      "dataset": null,
      "function": null,
      "variables": null
    },
    "task_ome_po10_single__pH": {
      "type": "TASK",
      "index": "pH",
      "unit": null,
      "task": "task_ome_po10_single",
      "dataset": null,
      "function": null,
      "variables": null
    },
    "task_ome_po10_single__ST__pp_rate": {
      "type": "TASK",
      "index": "ST__pp_rate",
      "unit": null,
      "task": "task_ome_po10_single",
      "dataset": null,
      "function": null,
      "variables": null
    },
    "task_ome_po10_single__ST__gacid_loss": {
      "type": "TASK",
      "index": "ST__gacid_loss",
      "unit": null,
      "task": "task_ome_po10_single",
      "dataset": null,
      "function": null,
      "variables": null
    },
    "task_ome_po10_single__ST__protons_stomach": {
      "type": "TASK",
      "index": "ST__protons_stomach",
      "unit": null,
      "task": "task_ome_po10_single",
      "dataset": null,
      "function": null,
      "variables": null
    },
    "task_ome_po10_single__ST__pp_active": {
      "type": "TASK",
      "index": "ST__pp_active",
      "unit": null,
      "task": "task_ome_po10_single",
      "dataset": null,
      "function": null,
      "variables": null
    },
    "task_ome_po10_single__ST__pp_inactive": {
      "type": "TASK",
      "index": "ST__pp_inactive",
      "unit": null,
      "task": "task_ome_po10_single",
      "dataset": null,
      "function": null,
      "variables": null
    },
    "task_ome_po10_single__ST__pp_total": {
      "type": "TASK",
      "index": "ST__pp_total",
      "unit": null,
      "task": "task_ome_po10_single",
      "dataset": null,
      "function": null,
      "variables": null
    },
    "task_ome_po10_single__ST__pp_synthesis": {
      "type": "TASK",
      "index": "ST__pp_synthesis",
      "unit": null,
      "task": "task_ome_po10_single",
      "dataset": null,
      "function": null,
      "variables": null
    },
    "task_ome_po10_single__ST__pp_active_degradation": {
      "type": "TASK",
      "index": "ST__pp_active_degradation",
      "unit": null,
      "task": "task_ome_po10_single",
      "dataset": null,
      "function": null,
      "variables": null
    },
    "task_ome_po10_single__ST__pp_inactive_degradation": {
      "type": "TASK",
      "index": "ST__pp_inactive_degradation",
      "unit": null,
      "task": "task_ome_po10_single",
      "dataset": null,
      "function": null,
      "variables": null
    },
    "task_ome_po10_single__F_ome_pH": {
      "type": "TASK",
      "index": "F_ome_pH",
      "unit": null,
      "task": "task_ome_po10_single",
      "dataset": null,
      "function": null,
      "variables": null
    },
    "task_ome_po10_single__F_ome_pH2": {
      "type": "TASK",
      "index": "F_ome_pH2",
      "unit": null,
      "task": "task_ome_po10_single",
      "dataset": null,
      "function": null,
      "variables": null
    },
    "task_ome_po10_single__F_ome_pH6": {
      "type": "TASK",
      "index": "F_ome_pH6",
      "unit": null,
      "task": "task_ome_po10_single",
      "dataset": null,
      "function": null,
      "variables": null
    },
    "task_ome_iv10_multi__time": {
      "type": "TASK",
      "index": "time",
      "unit": null,
      "task": "task_ome_iv10_multi",
      "dataset": null,
      "function": null,
      "variables": null
    },
    "task_ome_iv10_multi__IVDOSE_ome": {
      "type": "TASK",
      "index": "IVDOSE_ome",
      "unit": null,
      "task": "task_ome_iv10_multi",
      "dataset": null,
      "function": null,
      "variables": null
    },
    "task_ome_iv10_multi__Cve_ome": {
      "type": "TASK",
      "index": "Cve_ome",
      "unit": null,
      "task": "task_ome_iv10_multi",
      "dataset": null,
      "function": null,
      "variables": null
    },
    "task_ome_iv10_multi__Car_ome": {
      "type": "TASK",
      "index": "Car_ome",
      "unit": null,
      "task": "task_ome_iv10_multi",
      "dataset": null,
      "function": null,
      "variables": null
    },
    "task_ome_iv10_multi__LI__ome": {
      "type": "TASK",
      "index": "LI__ome",
      "unit": null,
      "task": "task_ome_iv10_multi",
      "dataset": null,
      "function": null,
      "variables": null
    },
    "task_ome_iv10_multi__Cve_omemets": {
      "type": "TASK",
      "index": "Cve_omemets",
      "unit": null,
      "task": "task_ome_iv10_multi",
      "dataset": null,
      "function": null,
      "variables": null
    },
    "task_ome_iv10_multi__Car_omemets": {
      "type": "TASK",
      "index": "Car_omemets",
      "unit": null,
      "task": "task_ome_iv10_multi",
      "dataset": null,
      "function": null,
      "variables": null
    },
    "task_ome_iv10_multi__LI__omemets": {
      "type": "TASK",
      "index": "LI__omemets",
      "unit": null,
      "task": "task_ome_iv10_multi",
      "dataset": null,
      "function": null,
      "variables": null
    },
    "task_ome_iv10_multi__KI__omemets_urine": {
      "type": "TASK",
      "index": "KI__omemets_urine",
      "unit": null,
      "task": "task_ome_iv10_multi",
      "dataset": null,
      "function": null,
      "variables": null
    },
    "task_ome_iv10_multi__pH": {
      "type": "TASK",
      "index": "pH",
      "unit": null,
      "task": "task_ome_iv10_multi",
      "dataset": null,
      "function": null,
      "variables": null
    },
    "task_ome_iv10_multi__ST__pp_rate": {
      "type": "TASK",
      "index": "ST__pp_rate",
      "unit": null,
      "task": "task_ome_iv10_multi",
      "dataset": null,
      "function": null,
      "variables": null
    },
    "task_ome_iv10_multi__ST__gacid_loss": {
      "type": "TASK",
      "index": "ST__gacid_loss",
      "unit": null,
      "task": "task_ome_iv10_multi",
      "dataset": null,
      "function": null,
      "variables": null
    },
    "task_ome_iv10_multi__ST__protons_stomach": {
      "type": "TASK",
      "index": "ST__protons_stomach",
      "unit": null,
      "task": "task_ome_iv10_multi",
      "dataset": null,
      "function": null,
      "variables": null
    },
    "task_ome_iv10_multi__ST__pp_active": {
      "type": "TASK",
      "index": "ST__pp_active",
      "unit": null,
      "task": "task_ome_iv10_multi",
      "dataset": null,
      "function": null,
      "variables": null
    },
    "task_ome_iv10_multi__ST__pp_inactive": {
      "type": "TASK",
      "index": "ST__pp_inactive",
      "unit": null,
      "task": "task_ome_iv10_multi",
      "dataset": null,
      "function": null,
      "variables": null
    },
    "task_ome_iv10_multi__ST__pp_total": {
      "type": "TASK",
      "index": "ST__pp_total",
      "unit": null,
      "task": "task_ome_iv10_multi",
      "dataset": null,
      "function": null,
      "variables": null
    },
    "task_ome_iv10_multi__ST__pp_synthesis": {
      "type": "TASK",
      "index": "ST__pp_synthesis",
      "unit": null,
      "task": "task_ome_iv10_multi",
      "dataset": null,
      "function": null,
      "variables": null
    },
    "task_ome_iv10_multi__ST__pp_active_degradation": {
      "type": "TASK",
      "index": "ST__pp_active_degradation",
      "unit": null,
      "task": "task_ome_iv10_multi",
      "dataset": null,
      "function": null,
      "variables": null
    },
    "task_ome_iv10_multi__ST__pp_inactive_degradation": {
      "type": "TASK",
      "index": "ST__pp_inactive_degradation",
      "unit": null,
      "task": "task_ome_iv10_multi",
      "dataset": null,
      "function": null,
      "variables": null
    },
    "task_ome_iv10_multi__F_ome_pH": {
      "type": "TASK",
      "index": "F_ome_pH",
      "unit": null,
      "task": "task_ome_iv10_multi",
      "dataset": null,
      "function": null,
      "variables": null
    },
    "task_ome_iv10_multi__F_ome_pH2": {
      "type": "TASK",
      "index": "F_ome_pH2",
      "unit": null,
      "task": "task_ome_iv10_multi",
      "dataset": null,
      "function": null,
      "variables": null
    },
    "task_ome_iv10_multi__F_ome_pH6": {
      "type": "TASK",
      "index": "F_ome_pH6",
      "unit": null,
      "task": "task_ome_iv10_multi",
      "dataset": null,
      "function": null,
      "variables": null
    },
    "task_ome_po10_multi__time": {
      "type": "TASK",
      "index": "time",
      "unit": null,
      "task": "task_ome_po10_multi",
      "dataset": null,
      "function": null,
      "variables": null
    },
    "task_ome_po10_multi__IVDOSE_ome": {
      "type": "TASK",
      "index": "IVDOSE_ome",
      "unit": null,
      "task": "task_ome_po10_multi",
      "dataset": null,
      "function": null,
      "variables": null
    },
    "task_ome_po10_multi__Cve_ome": {
      "type": "TASK",
      "index": "Cve_ome",
      "unit": null,
      "task": "task_ome_po10_multi",
      "dataset": null,
      "function": null,
      "variables": null
    },
    "task_ome_po10_multi__Car_ome": {
      "type": "TASK",
      "index": "Car_ome",
      "unit": null,
      "task": "task_ome_po10_multi",
      "dataset": null,
      "function": null,
      "variables": null
    },
    "task_ome_po10_multi__LI__ome": {
      "type": "TASK",
      "index": "LI__ome",
      "unit": null,
      "task": "task_ome_po10_multi",
      "dataset": null,
      "function": null,
      "variables": null
    },
    "task_ome_po10_multi__Cve_omemets": {
      "type": "TASK",
      "index": "Cve_omemets",
      "unit": null,
      "task": "task_ome_po10_multi",
      "dataset": null,
      "function": null,
      "variables": null
    },
    "task_ome_po10_multi__Car_omemets": {
      "type": "TASK",
      "index": "Car_omemets",
      "unit": null,
      "task": "task_ome_po10_multi",
      "dataset": null,
      "function": null,
      "variables": null
    },
    "task_ome_po10_multi__LI__omemets": {
      "type": "TASK",
      "index": "LI__omemets",
      "unit": null,
      "task": "task_ome_po10_multi",
      "dataset": null,
      "function": null,
      "variables": null
    },
    "task_ome_po10_multi__KI__omemets_urine": {
      "type": "TASK",
      "index": "KI__omemets_urine",
      "unit": null,
      "task": "task_ome_po10_multi",
      "dataset": null,
      "function": null,
      "variables": null
    },
    "task_ome_po10_multi__pH": {
      "type": "TASK",
      "index": "pH",
      "unit": null,
      "task": "task_ome_po10_multi",
      "dataset": null,
      "function": null,
      "variables": null
    },
    "task_ome_po10_multi__ST__pp_rate": {
      "type": "TASK",
      "index": "ST__pp_rate",
      "unit": null,
      "task": "task_ome_po10_multi",
      "dataset": null,
      "function": null,
      "variables": null
    },
    "task_ome_po10_multi__ST__gacid_loss": {
      "type": "TASK",
      "index": "ST__gacid_loss",
      "unit": null,
      "task": "task_ome_po10_multi",
      "dataset": null,
      "function": null,
      "variables": null
    },
    "task_ome_po10_multi__ST__protons_stomach": {
      "type": "TASK",
      "index": "ST__protons_stomach",
      "unit": null,
      "task": "task_ome_po10_multi",
      "dataset": null,
      "function": null,
      "variables": null
    },
    "task_ome_po10_multi__ST__pp_active": {
      "type": "TASK",
      "index": "ST__pp_active",
      "unit": null,
      "task": "task_ome_po10_multi",
      "dataset": null,
      "function": null,
      "variables": null
    },
    "task_ome_po10_multi__ST__pp_inactive": {
      "type": "TASK",
      "index": "ST__pp_inactive",
      "unit": null,
      "task": "task_ome_po10_multi",
      "dataset": null,
      "function": null,
      "variables": null
    },
    "task_ome_po10_multi__ST__pp_total": {
      "type": "TASK",
      "index": "ST__pp_total",
      "unit": null,
      "task": "task_ome_po10_multi",
      "dataset": null,
      "function": null,
      "variables": null
    },
    "task_ome_po10_multi__ST__pp_synthesis": {
      "type": "TASK",
      "index": "ST__pp_synthesis",
      "unit": null,
      "task": "task_ome_po10_multi",
      "dataset": null,
      "function": null,
      "variables": null
    },
    "task_ome_po10_multi__ST__pp_active_degradation": {
      "type": "TASK",
      "index": "ST__pp_active_degradation",
      "unit": null,
      "task": "task_ome_po10_multi",
      "dataset": null,
      "function": null,
      "variables": null
    },
    "task_ome_po10_multi__ST__pp_inactive_degradation": {
      "type": "TASK",
      "index": "ST__pp_inactive_degradation",
      "unit": null,
      "task": "task_ome_po10_multi",
      "dataset": null,
      "function": null,
      "variables": null
    },
    "task_ome_po10_multi__F_ome_pH": {
      "type": "TASK",
      "index": "F_ome_pH",
      "unit": null,
      "task": "task_ome_po10_multi",
      "dataset": null,
      "function": null,
      "variables": null
    },
    "task_ome_po10_multi__F_ome_pH2": {
      "type": "TASK",
      "index": "F_ome_pH2",
      "unit": null,
      "task": "task_ome_po10_multi",
      "dataset": null,
      "function": null,
      "variables": null
    },
    "task_ome_po10_multi__F_ome_pH6": {
      "type": "TASK",
      "index": "F_ome_pH6",
      "unit": null,
      "task": "task_ome_po10_multi",
      "dataset": null,
      "function": null,
      "variables": null
    },
    "task_ome_iv20_single__time": {
      "type": "TASK",
      "index": "time",
      "unit": null,
      "task": "task_ome_iv20_single",
      "dataset": null,
      "function": null,
      "variables": null
    },
    "task_ome_iv20_single__IVDOSE_ome": {
      "type": "TASK",
      "index": "IVDOSE_ome",
      "unit": null,
      "task": "task_ome_iv20_single",
      "dataset": null,
      "function": null,
      "variables": null
    },
    "task_ome_iv20_single__Cve_ome": {
      "type": "TASK",
      "index": "Cve_ome",
      "unit": null,
      "task": "task_ome_iv20_single",
      "dataset": null,
      "function": null,
      "variables": null
    },
    "task_ome_iv20_single__Car_ome": {
      "type": "TASK",
      "index": "Car_ome",
      "unit": null,
      "task": "task_ome_iv20_single",
      "dataset": null,
      "function": null,
      "variables": null
    },
    "task_ome_iv20_single__LI__ome": {
      "type": "TASK",
      "index": "LI__ome",
      "unit": null,
      "task": "task_ome_iv20_single",
      "dataset": null,
      "function": null,
      "variables": null
    },
    "task_ome_iv20_single__Cve_omemets": {
      "type": "TASK",
      "index": "Cve_omemets",
      "unit": null,
      "task": "task_ome_iv20_single",
      "dataset": null,
      "function": null,
      "variables": null
    },
    "task_ome_iv20_single__Car_omemets": {
      "type": "TASK",
      "index": "Car_omemets",
      "unit": null,
      "task": "task_ome_iv20_single",
      "dataset": null,
      "function": null,
      "variables": null
    },
    "task_ome_iv20_single__LI__omemets": {
      "type": "TASK",
      "index": "LI__omemets",
      "unit": null,
      "task": "task_ome_iv20_single",
      "dataset": null,
      "function": null,
      "variables": null
    },
    "task_ome_iv20_single__KI__omemets_urine": {
      "type": "TASK",
      "index": "KI__omemets_urine",
      "unit": null,
      "task": "task_ome_iv20_single",
      "dataset": null,
      "function": null,
      "variables": null
    },
    "task_ome_iv20_single__pH": {
      "type": "TASK",
      "index": "pH",
      "unit": null,
      "task": "task_ome_iv20_single",
      "dataset": null,
      "function": null,
      "variables": null
    },
    "task_ome_iv20_single__ST__pp_rate": {
      "type": "TASK",
      "index": "ST__pp_rate",
      "unit": null,
      "task": "task_ome_iv20_single",
      "dataset": null,
      "function": null,
      "variables": null
    },
    "task_ome_iv20_single__ST__gacid_loss": {
      "type": "TASK",
      "index": "ST__gacid_loss",
      "unit": null,
      "task": "task_ome_iv20_single",
      "dataset": null,
      "function": null,
      "variables": null
    },
    "task_ome_iv20_single__ST__protons_stomach": {
      "type": "TASK",
      "index": "ST__protons_stomach",
      "unit": null,
      "task": "task_ome_iv20_single",
      "dataset": null,
      "function": null,
      "variables": null
    },
    "task_ome_iv20_single__ST__pp_active": {
      "type": "TASK",
      "index": "ST__pp_active",
      "unit": null,
      "task": "task_ome_iv20_single",
      "dataset": null,
      "function": null,
      "variables": null
    },
    "task_ome_iv20_single__ST__pp_inactive": {
      "type": "TASK",
      "index": "ST__pp_inactive",
      "unit": null,
      "task": "task_ome_iv20_single",
      "dataset": null,
      "function": null,
      "variables": null
    },
    "task_ome_iv20_single__ST__pp_total": {
      "type": "TASK",
      "index": "ST__pp_total",
      "unit": null,
      "task": "task_ome_iv20_single",
      "dataset": null,
      "function": null,
      "variables": null
    },
    "task_ome_iv20_single__ST__pp_synthesis": {
      "type": "TASK",
      "index": "ST__pp_synthesis",
      "unit": null,
      "task": "task_ome_iv20_single",
      "dataset": null,
      "function": null,
      "variables": null
    },
    "task_ome_iv20_single__ST__pp_active_degradation": {
      "type": "TASK",
      "index": "ST__pp_active_degradation",
      "unit": null,
      "task": "task_ome_iv20_single",
      "dataset": null,
      "function": null,
      "variables": null
    },
    "task_ome_iv20_single__ST__pp_inactive_degradation": {
      "type": "TASK",
      "index": "ST__pp_inactive_degradation",
      "unit": null,
      "task": "task_ome_iv20_single",
      "dataset": null,
      "function": null,
      "variables": null
    },
    "task_ome_iv20_single__F_ome_pH": {
      "type": "TASK",
      "index": "F_ome_pH",
      "unit": null,
      "task": "task_ome_iv20_single",
      "dataset": null,
      "function": null,
      "variables": null
    },
    "task_ome_iv20_single__F_ome_pH2": {
      "type": "TASK",
      "index": "F_ome_pH2",
      "unit": null,
      "task": "task_ome_iv20_single",
      "dataset": null,
      "function": null,
      "variables": null
    },
    "task_ome_iv20_single__F_ome_pH6": {
      "type": "TASK",
      "index": "F_ome_pH6",
      "unit": null,
      "task": "task_ome_iv20_single",
      "dataset": null,
      "function": null,
      "variables": null
    },
    "task_ome_po20_single__time": {
      "type": "TASK",
      "index": "time",
      "unit": null,
      "task": "task_ome_po20_single",
      "dataset": null,
      "function": null,
      "variables": null
    },
    "task_ome_po20_single__IVDOSE_ome": {
      "type": "TASK",
      "index": "IVDOSE_ome",
      "unit": null,
      "task": "task_ome_po20_single",
      "dataset": null,
      "function": null,
      "variables": null
    },
    "task_ome_po20_single__Cve_ome": {
      "type": "TASK",
      "index": "Cve_ome",
      "unit": null,
      "task": "task_ome_po20_single",
      "dataset": null,
      "function": null,
      "variables": null
    },
    "task_ome_po20_single__Car_ome": {
      "type": "TASK",
      "index": "Car_ome",
      "unit": null,
      "task": "task_ome_po20_single",
      "dataset": null,
      "function": null,
      "variables": null
    },
    "task_ome_po20_single__LI__ome": {
      "type": "TASK",
      "index": "LI__ome",
      "unit": null,
      "task": "task_ome_po20_single",
      "dataset": null,
      "function": null,
      "variables": null
    },
    "task_ome_po20_single__Cve_omemets": {
      "type": "TASK",
      "index": "Cve_omemets",
      "unit": null,
      "task": "task_ome_po20_single",
      "dataset": null,
      "function": null,
      "variables": null
    },
    "task_ome_po20_single__Car_omemets": {
      "type": "TASK",
      "index": "Car_omemets",
      "unit": null,
      "task": "task_ome_po20_single",
      "dataset": null,
      "function": null,
      "variables": null
    },
    "task_ome_po20_single__LI__omemets": {
      "type": "TASK",
      "index": "LI__omemets",
      "unit": null,
      "task": "task_ome_po20_single",
      "dataset": null,
      "function": null,
      "variables": null
    },
    "task_ome_po20_single__KI__omemets_urine": {
      "type": "TASK",
      "index": "KI__omemets_urine",
      "unit": null,
      "task": "task_ome_po20_single",
      "dataset": null,
      "function": null,
      "variables": null
    },
    "task_ome_po20_single__pH": {
      "type": "TASK",
      "index": "pH",
      "unit": null,
      "task": "task_ome_po20_single",
      "dataset": null,
      "function": null,
      "variables": null
    },
    "task_ome_po20_single__ST__pp_rate": {
      "type": "TASK",
      "index": "ST__pp_rate",
      "unit": null,
      "task": "task_ome_po20_single",
      "dataset": null,
      "function": null,
      "variables": null
    },
    "task_ome_po20_single__ST__gacid_loss": {
      "type": "TASK",
      "index": "ST__gacid_loss",
      "unit": null,
      "task": "task_ome_po20_single",
      "dataset": null,
      "function": null,
      "variables": null
    },
    "task_ome_po20_single__ST__protons_stomach": {
      "type": "TASK",
      "index": "ST__protons_stomach",
      "unit": null,
      "task": "task_ome_po20_single",
      "dataset": null,
      "function": null,
      "variables": null
    },
    "task_ome_po20_single__ST__pp_active": {
      "type": "TASK",
      "index": "ST__pp_active",
      "unit": null,
      "task": "task_ome_po20_single",
      "dataset": null,
      "function": null,
      "variables": null
    },
    "task_ome_po20_single__ST__pp_inactive": {
      "type": "TASK",
      "index": "ST__pp_inactive",
      "unit": null,
      "task": "task_ome_po20_single",
      "dataset": null,
      "function": null,
      "variables": null
    },
    "task_ome_po20_single__ST__pp_total": {
      "type": "TASK",
      "index": "ST__pp_total",
      "unit": null,
      "task": "task_ome_po20_single",
      "dataset": null,
      "function": null,
      "variables": null
    },
    "task_ome_po20_single__ST__pp_synthesis": {
      "type": "TASK",
      "index": "ST__pp_synthesis",
      "unit": null,
      "task": "task_ome_po20_single",
      "dataset": null,
      "function": null,
      "variables": null
    },
    "task_ome_po20_single__ST__pp_active_degradation": {
      "type": "TASK",
      "index": "ST__pp_active_degradation",
      "unit": null,
      "task": "task_ome_po20_single",
      "dataset": null,
      "function": null,
      "variables": null
    },
    "task_ome_po20_single__ST__pp_inactive_degradation": {
      "type": "TASK",
      "index": "ST__pp_inactive_degradation",
      "unit": null,
      "task": "task_ome_po20_single",
      "dataset": null,
      "function": null,
      "variables": null
    },
    "task_ome_po20_single__F_ome_pH": {
      "type": "TASK",
      "index": "F_ome_pH",
      "unit": null,
      "task": "task_ome_po20_single",
      "dataset": null,
      "function": null,
      "variables": null
    },
    "task_ome_po20_single__F_ome_pH2": {
      "type": "TASK",
      "index": "F_ome_pH2",
      "unit": null,
      "task": "task_ome_po20_single",
      "dataset": null,
      "function": null,
      "variables": null
    },
    "task_ome_po20_single__F_ome_pH6": {
      "type": "TASK",
      "index": "F_ome_pH6",
      "unit": null,
      "task": "task_ome_po20_single",
      "dataset": null,
      "function": null,
      "variables": null
    },
    "task_ome_iv20_multi__time": {
      "type": "TASK",
      "index": "time",
      "unit": null,
      "task": "task_ome_iv20_multi",
      "dataset": null,
      "function": null,
      "variables": null
    },
    "task_ome_iv20_multi__IVDOSE_ome": {
      "type": "TASK",
      "index": "IVDOSE_ome",
      "unit": null,
      "task": "task_ome_iv20_multi",
      "dataset": null,
      "function": null,
      "variables": null
    },
    "task_ome_iv20_multi__Cve_ome": {
      "type": "TASK",
      "index": "Cve_ome",
      "unit": null,
      "task": "task_ome_iv20_multi",
      "dataset": null,
      "function": null,
      "variables": null
    },
    "task_ome_iv20_multi__Car_ome": {
      "type": "TASK",
      "index": "Car_ome",
      "unit": null,
      "task": "task_ome_iv20_multi",
      "dataset": null,
      "function": null,
      "variables": null
    },
    "task_ome_iv20_multi__LI__ome": {
      "type": "TASK",
      "index": "LI__ome",
      "unit": null,
      "task": "task_ome_iv20_multi",
      "dataset": null,
      "function": null,
      "variables": null
    },
    "task_ome_iv20_multi__Cve_omemets": {
      "type": "TASK",
      "index": "Cve_omemets",
      "unit": null,
      "task": "task_ome_iv20_multi",
      "dataset": null,
      "function": null,
      "variables": null
    },
    "task_ome_iv20_multi__Car_omemets": {
      "type": "TASK",
      "index": "Car_omemets",
      "unit": null,
      "task": "task_ome_iv20_multi",
      "dataset": null,
      "function": null,
      "variables": null
    },
    "task_ome_iv20_multi__LI__omemets": {
      "type": "TASK",
      "index": "LI__omemets",
      "unit": null,
      "task": "task_ome_iv20_multi",
      "dataset": null,
      "function": null,
      "variables": null
    },
    "task_ome_iv20_multi__KI__omemets_urine": {
      "type": "TASK",
      "index": "KI__omemets_urine",
      "unit": null,
      "task": "task_ome_iv20_multi",
      "dataset": null,
      "function": null,
      "variables": null
    },
    "task_ome_iv20_multi__pH": {
      "type": "TASK",
      "index": "pH",
      "unit": null,
      "task": "task_ome_iv20_multi",
      "dataset": null,
      "function": null,
      "variables": null
    },
    "task_ome_iv20_multi__ST__pp_rate": {
      "type": "TASK",
      "index": "ST__pp_rate",
      "unit": null,
      "task": "task_ome_iv20_multi",
      "dataset": null,
      "function": null,
      "variables": null
    },
    "task_ome_iv20_multi__ST__gacid_loss": {
      "type": "TASK",
      "index": "ST__gacid_loss",
      "unit": null,
      "task": "task_ome_iv20_multi",
      "dataset": null,
      "function": null,
      "variables": null
    },
    "task_ome_iv20_multi__ST__protons_stomach": {
      "type": "TASK",
      "index": "ST__protons_stomach",
      "unit": null,
      "task": "task_ome_iv20_multi",
      "dataset": null,
      "function": null,
      "variables": null
    },
    "task_ome_iv20_multi__ST__pp_active": {
      "type": "TASK",
      "index": "ST__pp_active",
      "unit": null,
      "task": "task_ome_iv20_multi",
      "dataset": null,
      "function": null,
      "variables": null
    },
    "task_ome_iv20_multi__ST__pp_inactive": {
      "type": "TASK",
      "index": "ST__pp_inactive",
      "unit": null,
      "task": "task_ome_iv20_multi",
      "dataset": null,
      "function": null,
      "variables": null
    },
    "task_ome_iv20_multi__ST__pp_total": {
      "type": "TASK",
      "index": "ST__pp_total",
      "unit": null,
      "task": "task_ome_iv20_multi",
      "dataset": null,
      "function": null,
      "variables": null
    },
    "task_ome_iv20_multi__ST__pp_synthesis": {
      "type": "TASK",
      "index": "ST__pp_synthesis",
      "unit": null,
      "task": "task_ome_iv20_multi",
      "dataset": null,
      "function": null,
      "variables": null
    },
    "task_ome_iv20_multi__ST__pp_active_degradation": {
      "type": "TASK",
      "index": "ST__pp_active_degradation",
      "unit": null,
      "task": "task_ome_iv20_multi",
      "dataset": null,
      "function": null,
      "variables": null
    },
    "task_ome_iv20_multi__ST__pp_inactive_degradation": {
      "type": "TASK",
      "index": "ST__pp_inactive_degradation",
      "unit": null,
      "task": "task_ome_iv20_multi",
      "dataset": null,
      "function": null,
      "variables": null
    },
    "task_ome_iv20_multi__F_ome_pH": {
      "type": "TASK",
      "index": "F_ome_pH",
      "unit": null,
      "task": "task_ome_iv20_multi",
      "dataset": null,
      "function": null,
      "variables": null
    },
    "task_ome_iv20_multi__F_ome_pH2": {
      "type": "TASK",
      "index": "F_ome_pH2",
      "unit": null,
      "task": "task_ome_iv20_multi",
      "dataset": null,
      "function": null,
      "variables": null
    },
    "task_ome_iv20_multi__F_ome_pH6": {
      "type": "TASK",
      "index": "F_ome_pH6",
      "unit": null,
      "task": "task_ome_iv20_multi",
      "dataset": null,
      "function": null,
      "variables": null
    },
    "task_ome_po20_multi__time": {
      "type": "TASK",
      "index": "time",
      "unit": null,
      "task": "task_ome_po20_multi",
      "dataset": null,
      "function": null,
      "variables": null
    },
    "task_ome_po20_multi__IVDOSE_ome": {
      "type": "TASK",
      "index": "IVDOSE_ome",
      "unit": null,
      "task": "task_ome_po20_multi",
      "dataset": null,
      "function": null,
      "variables": null
    },
    "task_ome_po20_multi__Cve_ome": {
      "type": "TASK",
      "index": "Cve_ome",
      "unit": null,
      "task": "task_ome_po20_multi",
      "dataset": null,
      "function": null,
      "variables": null
    },
    "task_ome_po20_multi__Car_ome": {
      "type": "TASK",
      "index": "Car_ome",
      "unit": null,
      "task": "task_ome_po20_multi",
      "dataset": null,
      "function": null,
      "variables": null
    },
    "task_ome_po20_multi__LI__ome": {
      "type": "TASK",
      "index": "LI__ome",
      "unit": null,
      "task": "task_ome_po20_multi",
      "dataset": null,
      "function": null,
      "variables": null
    },
    "task_ome_po20_multi__Cve_omemets": {
      "type": "TASK",
      "index": "Cve_omemets",
      "unit": null,
      "task": "task_ome_po20_multi",
      "dataset": null,
      "function": null,
      "variables": null
    },
    "task_ome_po20_multi__Car_omemets": {
      "type": "TASK",
      "index": "Car_omemets",
      "unit": null,
      "task": "task_ome_po20_multi",
      "dataset": null,
      "function": null,
      "variables": null
    },
    "task_ome_po20_multi__LI__omemets": {
      "type": "TASK",
      "index": "LI__omemets",
      "unit": null,
      "task": "task_ome_po20_multi",
      "dataset": null,
      "function": null,
      "variables": null
    },
    "task_ome_po20_multi__KI__omemets_urine": {
      "type": "TASK",
      "index": "KI__omemets_urine",
      "unit": null,
      "task": "task_ome_po20_multi",
      "dataset": null,
      "function": null,
      "variables": null
    },
    "task_ome_po20_multi__pH": {
      "type": "TASK",
      "index": "pH",
      "unit": null,
      "task": "task_ome_po20_multi",
      "dataset": null,
      "function": null,
      "variables": null
    },
    "task_ome_po20_multi__ST__pp_rate": {
      "type": "TASK",
      "index": "ST__pp_rate",
      "unit": null,
      "task": "task_ome_po20_multi",
      "dataset": null,
      "function": null,
      "variables": null
    },
    "task_ome_po20_multi__ST__gacid_loss": {
      "type": "TASK",
      "index": "ST__gacid_loss",
      "unit": null,
      "task": "task_ome_po20_multi",
      "dataset": null,
      "function": null,
      "variables": null
    },
    "task_ome_po20_multi__ST__protons_stomach": {
      "type": "TASK",
      "index": "ST__protons_stomach",
      "unit": null,
      "task": "task_ome_po20_multi",
      "dataset": null,
      "function": null,
      "variables": null
    },
    "task_ome_po20_multi__ST__pp_active": {
      "type": "TASK",
      "index": "ST__pp_active",
      "unit": null,
      "task": "task_ome_po20_multi",
      "dataset": null,
      "function": null,
      "variables": null
    },
    "task_ome_po20_multi__ST__pp_inactive": {
      "type": "TASK",
      "index": "ST__pp_inactive",
      "unit": null,
      "task": "task_ome_po20_multi",
      "dataset": null,
      "function": null,
      "variables": null
    },
    "task_ome_po20_multi__ST__pp_total": {
      "type": "TASK",
      "index": "ST__pp_total",
      "unit": null,
      "task": "task_ome_po20_multi",
      "dataset": null,
      "function": null,
      "variables": null
    },
    "task_ome_po20_multi__ST__pp_synthesis": {
      "type": "TASK",
      "index": "ST__pp_synthesis",
      "unit": null,
      "task": "task_ome_po20_multi",
      "dataset": null,
      "function": null,
      "variables": null
    },
    "task_ome_po20_multi__ST__pp_active_degradation": {
      "type": "TASK",
      "index": "ST__pp_active_degradation",
      "unit": null,
      "task": "task_ome_po20_multi",
      "dataset": null,
      "function": null,
      "variables": null
    },
    "task_ome_po20_multi__ST__pp_inactive_degradation": {
      "type": "TASK",
      "index": "ST__pp_inactive_degradation",
      "unit": null,
      "task": "task_ome_po20_multi",
      "dataset": null,
      "function": null,
      "variables": null
    },
    "task_ome_po20_multi__F_ome_pH": {
      "type": "TASK",
      "index": "F_ome_pH",
      "unit": null,
      "task": "task_ome_po20_multi",
      "dataset": null,
      "function": null,
      "variables": null
    },
    "task_ome_po20_multi__F_ome_pH2": {
      "type": "TASK",
      "index": "F_ome_pH2",
      "unit": null,
      "task": "task_ome_po20_multi",
      "dataset": null,
      "function": null,
      "variables": null
    },
    "task_ome_po20_multi__F_ome_pH6": {
      "type": "TASK",
      "index": "F_ome_pH6",
      "unit": null,
      "task": "task_ome_po20_multi",
      "dataset": null,
      "function": null,
      "variables": null
    },
    "task_ome_iv40_single__time": {
      "type": "TASK",
      "index": "time",
      "unit": null,
      "task": "task_ome_iv40_single",
      "dataset": null,
      "function": null,
      "variables": null
    },
    "task_ome_iv40_single__IVDOSE_ome": {
      "type": "TASK",
      "index": "IVDOSE_ome",
      "unit": null,
      "task": "task_ome_iv40_single",
      "dataset": null,
      "function": null,
      "variables": null
    },
    "task_ome_iv40_single__Cve_ome": {
      "type": "TASK",
      "index": "Cve_ome",
      "unit": null,
      "task": "task_ome_iv40_single",
      "dataset": null,
      "function": null,
      "variables": null
    },
    "task_ome_iv40_single__Car_ome": {
      "type": "TASK",
      "index": "Car_ome",
      "unit": null,
      "task": "task_ome_iv40_single",
      "dataset": null,
      "function": null,
      "variables": null
    },
    "task_ome_iv40_single__LI__ome": {
      "type": "TASK",
      "index": "LI__ome",
      "unit": null,
      "task": "task_ome_iv40_single",
      "dataset": null,
      "function": null,
      "variables": null
    },
    "task_ome_iv40_single__Cve_omemets": {
      "type": "TASK",
      "index": "Cve_omemets",
      "unit": null,
      "task": "task_ome_iv40_single",
      "dataset": null,
      "function": null,
      "variables": null
    },
    "task_ome_iv40_single__Car_omemets": {
      "type": "TASK",
      "index": "Car_omemets",
      "unit": null,
      "task": "task_ome_iv40_single",
      "dataset": null,
      "function": null,
      "variables": null
    },
    "task_ome_iv40_single__LI__omemets": {
      "type": "TASK",
      "index": "LI__omemets",
      "unit": null,
      "task": "task_ome_iv40_single",
      "dataset": null,
      "function": null,
      "variables": null
    },
    "task_ome_iv40_single__KI__omemets_urine": {
      "type": "TASK",
      "index": "KI__omemets_urine",
      "unit": null,
      "task": "task_ome_iv40_single",
      "dataset": null,
      "function": null,
      "variables": null
    },
    "task_ome_iv40_single__pH": {
      "type": "TASK",
      "index": "pH",
      "unit": null,
      "task": "task_ome_iv40_single",
      "dataset": null,
      "function": null,
      "variables": null
    },
    "task_ome_iv40_single__ST__pp_rate": {
      "type": "TASK",
      "index": "ST__pp_rate",
      "unit": null,
      "task": "task_ome_iv40_single",
      "dataset": null,
      "function": null,
      "variables": null
    },
    "task_ome_iv40_single__ST__gacid_loss": {
      "type": "TASK",
      "index": "ST__gacid_loss",
      "unit": null,
      "task": "task_ome_iv40_single",
      "dataset": null,
      "function": null,
      "variables": null
    },
    "task_ome_iv40_single__ST__protons_stomach": {
      "type": "TASK",
      "index": "ST__protons_stomach",
      "unit": null,
      "task": "task_ome_iv40_single",
      "dataset": null,
      "function": null,
      "variables": null
    },
    "task_ome_iv40_single__ST__pp_active": {
      "type": "TASK",
      "index": "ST__pp_active",
      "unit": null,
      "task": "task_ome_iv40_single",
      "dataset": null,
      "function": null,
      "variables": null
    },
    "task_ome_iv40_single__ST__pp_inactive": {
      "type": "TASK",
      "index": "ST__pp_inactive",
      "unit": null,
      "task": "task_ome_iv40_single",
      "dataset": null,
      "function": null,
      "variables": null
    },
    "task_ome_iv40_single__ST__pp_total": {
      "type": "TASK",
      "index": "ST__pp_total",
      "unit": null,
      "task": "task_ome_iv40_single",
      "dataset": null,
      "function": null,
      "variables": null
    },
    "task_ome_iv40_single__ST__pp_synthesis": {
      "type": "TASK",
      "index": "ST__pp_synthesis",
      "unit": null,
      "task": "task_ome_iv40_single",
      "dataset": null,
      "function": null,
      "variables": null
    },
    "task_ome_iv40_single__ST__pp_active_degradation": {
      "type": "TASK",
      "index": "ST__pp_active_degradation",
      "unit": null,
      "task": "task_ome_iv40_single",
      "dataset": null,
      "function": null,
      "variables": null
    },
    "task_ome_iv40_single__ST__pp_inactive_degradation": {
      "type": "TASK",
      "index": "ST__pp_inactive_degradation",
      "unit": null,
      "task": "task_ome_iv40_single",
      "dataset": null,
      "function": null,
      "variables": null
    },
    "task_ome_iv40_single__F_ome_pH": {
      "type": "TASK",
      "index": "F_ome_pH",
      "unit": null,
      "task": "task_ome_iv40_single",
      "dataset": null,
      "function": null,
      "variables": null
    },
    "task_ome_iv40_single__F_ome_pH2": {
      "type": "TASK",
      "index": "F_ome_pH2",
      "unit": null,
      "task": "task_ome_iv40_single",
      "dataset": null,
      "function": null,
      "variables": null
    },
    "task_ome_iv40_single__F_ome_pH6": {
      "type": "TASK",
      "index": "F_ome_pH6",
      "unit": null,
      "task": "task_ome_iv40_single",
      "dataset": null,
      "function": null,
      "variables": null
    },
    "task_ome_po40_single__time": {
      "type": "TASK",
      "index": "time",
      "unit": null,
      "task": "task_ome_po40_single",
      "dataset": null,
      "function": null,
      "variables": null
    },
    "task_ome_po40_single__IVDOSE_ome": {
      "type": "TASK",
      "index": "IVDOSE_ome",
      "unit": null,
      "task": "task_ome_po40_single",
      "dataset": null,
      "function": null,
      "variables": null
    },
    "task_ome_po40_single__Cve_ome": {
      "type": "TASK",
      "index": "Cve_ome",
      "unit": null,
      "task": "task_ome_po40_single",
      "dataset": null,
      "function": null,
      "variables": null
    },
    "task_ome_po40_single__Car_ome": {
      "type": "TASK",
      "index": "Car_ome",
      "unit": null,
      "task": "task_ome_po40_single",
      "dataset": null,
      "function": null,
      "variables": null
    },
    "task_ome_po40_single__LI__ome": {
      "type": "TASK",
      "index": "LI__ome",
      "unit": null,
      "task": "task_ome_po40_single",
      "dataset": null,
      "function": null,
      "variables": null
    },
    "task_ome_po40_single__Cve_omemets": {
      "type": "TASK",
      "index": "Cve_omemets",
      "unit": null,
      "task": "task_ome_po40_single",
      "dataset": null,
      "function": null,
      "variables": null
    },
    "task_ome_po40_single__Car_omemets": {
      "type": "TASK",
      "index": "Car_omemets",
      "unit": null,
      "task": "task_ome_po40_single",
      "dataset": null,
      "function": null,
      "variables": null
    },
    "task_ome_po40_single__LI__omemets": {
      "type": "TASK",
      "index": "LI__omemets",
      "unit": null,
      "task": "task_ome_po40_single",
      "dataset": null,
      "function": null,
      "variables": null
    },
    "task_ome_po40_single__KI__omemets_urine": {
      "type": "TASK",
      "index": "KI__omemets_urine",
      "unit": null,
      "task": "task_ome_po40_single",
      "dataset": null,
      "function": null,
      "variables": null
    },
    "task_ome_po40_single__pH": {
      "type": "TASK",
      "index": "pH",
      "unit": null,
      "task": "task_ome_po40_single",
      "dataset": null,
      "function": null,
      "variables": null
    },
    "task_ome_po40_single__ST__pp_rate": {
      "type": "TASK",
      "index": "ST__pp_rate",
      "unit": null,
      "task": "task_ome_po40_single",
      "dataset": null,
      "function": null,
      "variables": null
    },
    "task_ome_po40_single__ST__gacid_loss": {
      "type": "TASK",
      "index": "ST__gacid_loss",
      "unit": null,
      "task": "task_ome_po40_single",
      "dataset": null,
      "function": null,
      "variables": null
    },
    "task_ome_po40_single__ST__protons_stomach": {
      "type": "TASK",
      "index": "ST__protons_stomach",
      "unit": null,
      "task": "task_ome_po40_single",
      "dataset": null,
      "function": null,
      "variables": null
    },
    "task_ome_po40_single__ST__pp_active": {
      "type": "TASK",
      "index": "ST__pp_active",
      "unit": null,
      "task": "task_ome_po40_single",
      "dataset": null,
      "function": null,
      "variables": null
    },
    "task_ome_po40_single__ST__pp_inactive": {
      "type": "TASK",
      "index": "ST__pp_inactive",
      "unit": null,
      "task": "task_ome_po40_single",
      "dataset": null,
      "function": null,
      "variables": null
    },
    "task_ome_po40_single__ST__pp_total": {
      "type": "TASK",
      "index": "ST__pp_total",
      "unit": null,
      "task": "task_ome_po40_single",
      "dataset": null,
      "function": null,
      "variables": null
    },
    "task_ome_po40_single__ST__pp_synthesis": {
      "type": "TASK",
      "index": "ST__pp_synthesis",
      "unit": null,
      "task": "task_ome_po40_single",
      "dataset": null,
      "function": null,
      "variables": null
    },
    "task_ome_po40_single__ST__pp_active_degradation": {
      "type": "TASK",
      "index": "ST__pp_active_degradation",
      "unit": null,
      "task": "task_ome_po40_single",
      "dataset": null,
      "function": null,
      "variables": null
    },
    "task_ome_po40_single__ST__pp_inactive_degradation": {
      "type": "TASK",
      "index": "ST__pp_inactive_degradation",
      "unit": null,
      "task": "task_ome_po40_single",
      "dataset": null,
      "function": null,
      "variables": null
    },
    "task_ome_po40_single__F_ome_pH": {
      "type": "TASK",
      "index": "F_ome_pH",
      "unit": null,
      "task": "task_ome_po40_single",
      "dataset": null,
      "function": null,
      "variables": null
    },
    "task_ome_po40_single__F_ome_pH2": {
      "type": "TASK",
      "index": "F_ome_pH2",
      "unit": null,
      "task": "task_ome_po40_single",
      "dataset": null,
      "function": null,
      "variables": null
    },
    "task_ome_po40_single__F_ome_pH6": {
      "type": "TASK",
      "index": "F_ome_pH6",
      "unit": null,
      "task": "task_ome_po40_single",
      "dataset": null,
      "function": null,
      "variables": null
    },
    "task_ome_iv40_multi__time": {
      "type": "TASK",
      "index": "time",
      "unit": null,
      "task": "task_ome_iv40_multi",
      "dataset": null,
      "function": null,
      "variables": null
    },
    "task_ome_iv40_multi__IVDOSE_ome": {
      "type": "TASK",
      "index": "IVDOSE_ome",
      "unit": null,
      "task": "task_ome_iv40_multi",
      "dataset": null,
      "function": null,
      "variables": null
    },
    "task_ome_iv40_multi__Cve_ome": {
      "type": "TASK",
      "index": "Cve_ome",
      "unit": null,
      "task": "task_ome_iv40_multi",
      "dataset": null,
      "function": null,
      "variables": null
    },
    "task_ome_iv40_multi__Car_ome": {
      "type": "TASK",
      "index": "Car_ome",
      "unit": null,
      "task": "task_ome_iv40_multi",
      "dataset": null,
      "function": null,
      "variables": null
    },
    "task_ome_iv40_multi__LI__ome": {
      "type": "TASK",
      "index": "LI__ome",
      "unit": null,
      "task": "task_ome_iv40_multi",
      "dataset": null,
      "function": null,
      "variables": null
    },
    "task_ome_iv40_multi__Cve_omemets": {
      "type": "TASK",
      "index": "Cve_omemets",
      "unit": null,
      "task": "task_ome_iv40_multi",
      "dataset": null,
      "function": null,
      "variables": null
    },
    "task_ome_iv40_multi__Car_omemets": {
      "type": "TASK",
      "index": "Car_omemets",
      "unit": null,
      "task": "task_ome_iv40_multi",
      "dataset": null,
      "function": null,
      "variables": null
    },
    "task_ome_iv40_multi__LI__omemets": {
      "type": "TASK",
      "index": "LI__omemets",
      "unit": null,
      "task": "task_ome_iv40_multi",
      "dataset": null,
      "function": null,
      "variables": null
    },
    "task_ome_iv40_multi__KI__omemets_urine": {
      "type": "TASK",
      "index": "KI__omemets_urine",
      "unit": null,
      "task": "task_ome_iv40_multi",
      "dataset": null,
      "function": null,
      "variables": null
    },
    "task_ome_iv40_multi__pH": {
      "type": "TASK",
      "index": "pH",
      "unit": null,
      "task": "task_ome_iv40_multi",
      "dataset": null,
      "function": null,
      "variables": null
    },
    "task_ome_iv40_multi__ST__pp_rate": {
      "type": "TASK",
      "index": "ST__pp_rate",
      "unit": null,
      "task": "task_ome_iv40_multi",
      "dataset": null,
      "function": null,
      "variables": null
    },
    "task_ome_iv40_multi__ST__gacid_loss": {
      "type": "TASK",
      "index": "ST__gacid_loss",
      "unit": null,
      "task": "task_ome_iv40_multi",
      "dataset": null,
      "function": null,
      "variables": null
    },
    "task_ome_iv40_multi__ST__protons_stomach": {
      "type": "TASK",
      "index": "ST__protons_stomach",
      "unit": null,
      "task": "task_ome_iv40_multi",
      "dataset": null,
      "function": null,
      "variables": null
    },
    "task_ome_iv40_multi__ST__pp_active": {
      "type": "TASK",
      "index": "ST__pp_active",
      "unit": null,
      "task": "task_ome_iv40_multi",
      "dataset": null,
      "function": null,
      "variables": null
    },
    "task_ome_iv40_multi__ST__pp_inactive": {
      "type": "TASK",
      "index": "ST__pp_inactive",
      "unit": null,
      "task": "task_ome_iv40_multi",
      "dataset": null,
      "function": null,
      "variables": null
    },
    "task_ome_iv40_multi__ST__pp_total": {
      "type": "TASK",
      "index": "ST__pp_total",
      "unit": null,
      "task": "task_ome_iv40_multi",
      "dataset": null,
      "function": null,
      "variables": null
    },
    "task_ome_iv40_multi__ST__pp_synthesis": {
      "type": "TASK",
      "index": "ST__pp_synthesis",
      "unit": null,
      "task": "task_ome_iv40_multi",
      "dataset": null,
      "function": null,
      "variables": null
    },
    "task_ome_iv40_multi__ST__pp_active_degradation": {
      "type": "TASK",
      "index": "ST__pp_active_degradation",
      "unit": null,
      "task": "task_ome_iv40_multi",
      "dataset": null,
      "function": null,
      "variables": null
    },
    "task_ome_iv40_multi__ST__pp_inactive_degradation": {
      "type": "TASK",
      "index": "ST__pp_inactive_degradation",
      "unit": null,
      "task": "task_ome_iv40_multi",
      "dataset": null,
      "function": null,
      "variables": null
    },
    "task_ome_iv40_multi__F_ome_pH": {
      "type": "TASK",
      "index": "F_ome_pH",
      "unit": null,
      "task": "task_ome_iv40_multi",
      "dataset": null,
      "function": null,
      "variables": null
    },
    "task_ome_iv40_multi__F_ome_pH2": {
      "type": "TASK",
      "index": "F_ome_pH2",
      "unit": null,
      "task": "task_ome_iv40_multi",
      "dataset": null,
      "function": null,
      "variables": null
    },
    "task_ome_iv40_multi__F_ome_pH6": {
      "type": "TASK",
      "index": "F_ome_pH6",
      "unit": null,
      "task": "task_ome_iv40_multi",
      "dataset": null,
      "function": null,
      "variables": null
    },
    "task_ome_po40_multi__time": {
      "type": "TASK",
      "index": "time",
      "unit": null,
      "task": "task_ome_po40_multi",
      "dataset": null,
      "function": null,
      "variables": null
    },
    "task_ome_po40_multi__IVDOSE_ome": {
      "type": "TASK",
      "index": "IVDOSE_ome",
      "unit": null,
      "task": "task_ome_po40_multi",
      "dataset": null,
      "function": null,
      "variables": null
    },
    "task_ome_po40_multi__Cve_ome": {
      "type": "TASK",
      "index": "Cve_ome",
      "unit": null,
      "task": "task_ome_po40_multi",
      "dataset": null,
      "function": null,
      "variables": null
    },
    "task_ome_po40_multi__Car_ome": {
      "type": "TASK",
      "index": "Car_ome",
      "unit": null,
      "task": "task_ome_po40_multi",
      "dataset": null,
      "function": null,
      "variables": null
    },
    "task_ome_po40_multi__LI__ome": {
      "type": "TASK",
      "index": "LI__ome",
      "unit": null,
      "task": "task_ome_po40_multi",
      "dataset": null,
      "function": null,
      "variables": null
    },
    "task_ome_po40_multi__Cve_omemets": {
      "type": "TASK",
      "index": "Cve_omemets",
      "unit": null,
      "task": "task_ome_po40_multi",
      "dataset": null,
      "function": null,
      "variables": null
    },
    "task_ome_po40_multi__Car_omemets": {
      "type": "TASK",
      "index": "Car_omemets",
      "unit": null,
      "task": "task_ome_po40_multi",
      "dataset": null,
      "function": null,
      "variables": null
    },
    "task_ome_po40_multi__LI__omemets": {
      "type": "TASK",
      "index": "LI__omemets",
      "unit": null,
      "task": "task_ome_po40_multi",
      "dataset": null,
      "function": null,
      "variables": null
    },
    "task_ome_po40_multi__KI__omemets_urine": {
      "type": "TASK",
      "index": "KI__omemets_urine",
      "unit": null,
      "task": "task_ome_po40_multi",
      "dataset": null,
      "function": null,
      "variables": null
    },
    "task_ome_po40_multi__pH": {
      "type": "TASK",
      "index": "pH",
      "unit": null,
      "task": "task_ome_po40_multi",
      "dataset": null,
      "function": null,
      "variables": null
    },
    "task_ome_po40_multi__ST__pp_rate": {
      "type": "TASK",
      "index": "ST__pp_rate",
      "unit": null,
      "task": "task_ome_po40_multi",
      "dataset": null,
      "function": null,
      "variables": null
    },
    "task_ome_po40_multi__ST__gacid_loss": {
      "type": "TASK",
      "index": "ST__gacid_loss",
      "unit": null,
      "task": "task_ome_po40_multi",
      "dataset": null,
      "function": null,
      "variables": null
    },
    "task_ome_po40_multi__ST__protons_stomach": {
      "type": "TASK",
      "index": "ST__protons_stomach",
      "unit": null,
      "task": "task_ome_po40_multi",
      "dataset": null,
      "function": null,
      "variables": null
    },
    "task_ome_po40_multi__ST__pp_active": {
      "type": "TASK",
      "index": "ST__pp_active",
      "unit": null,
      "task": "task_ome_po40_multi",
      "dataset": null,
      "function": null,
      "variables": null
    },
    "task_ome_po40_multi__ST__pp_inactive": {
      "type": "TASK",
      "index": "ST__pp_inactive",
      "unit": null,
      "task": "task_ome_po40_multi",
      "dataset": null,
      "function": null,
      "variables": null
    },
    "task_ome_po40_multi__ST__pp_total": {
      "type": "TASK",
      "index": "ST__pp_total",
      "unit": null,
      "task": "task_ome_po40_multi",
      "dataset": null,
      "function": null,
      "variables": null
    },
    "task_ome_po40_multi__ST__pp_synthesis": {
      "type": "TASK",
      "index": "ST__pp_synthesis",
      "unit": null,
      "task": "task_ome_po40_multi",
      "dataset": null,
      "function": null,
      "variables": null
    },
    "task_ome_po40_multi__ST__pp_active_degradation": {
      "type": "TASK",
      "index": "ST__pp_active_degradation",
      "unit": null,
      "task": "task_ome_po40_multi",
      "dataset": null,
      "function": null,
      "variables": null
    },
    "task_ome_po40_multi__ST__pp_inactive_degradation": {
      "type": "TASK",
      "index": "ST__pp_inactive_degradation",
      "unit": null,
      "task": "task_ome_po40_multi",
      "dataset": null,
      "function": null,
      "variables": null
    },
    "task_ome_po40_multi__F_ome_pH": {
      "type": "TASK",
      "index": "F_ome_pH",
      "unit": null,
      "task": "task_ome_po40_multi",
      "dataset": null,
      "function": null,
      "variables": null
    },
    "task_ome_po40_multi__F_ome_pH2": {
      "type": "TASK",
      "index": "F_ome_pH2",
      "unit": null,
      "task": "task_ome_po40_multi",
      "dataset": null,
      "function": null,
      "variables": null
    },
    "task_ome_po40_multi__F_ome_pH6": {
      "type": "TASK",
      "index": "F_ome_pH6",
      "unit": null,
      "task": "task_ome_po40_multi",
      "dataset": null,
      "function": null,
      "variables": null
    }
  },
  "figures": {}
}